 拎包入住,AI影音,免服務費,免管理費,南北通透,可入籍,可報稅,可短租,可開伙,可養寵物,押一付一,新上架,有車位,有陽台,有電梯,社會住宅,租金補貼,隨時可遷入,高齡友善,ping,addr,Rent,type,title,lat,lng,cluster,title_clean,title_tokens,可租補,陽台
0,0,0,0,0,0,0,0,0,0,0,1,0,0,0,0,0,1,0,7.0,台北市文山區保儀路,7500,1,木柵市場旁黃金二樓｜台水台電,24.986155823055,121.567796264477,16,木柵市場旁黃金二樓 台水台電,"['木柵市場', '旁', '黃', '金二樓', ' ', '台水', '台電']",0,0
1,0,0,0,0,0,0,0,1,0,0,0,0,0,0,0,0,1,0,20.0,台北市文山區忠順街一段48巷6號,19500,4,🌿文山｜忠順街｜兩房一廳｜CP值高｜近實踐國小🌿,24.98340046731,121.560126767289,4,文山 忠順街 兩房一廳 CP值高 近實踐國小,"['文山', ' ', '忠順街', ' ', '兩房', '一廳', ' ', 'CP', '值高', ' ', '近實踐', '國小']",0,0
0,0,0,0,0,0,0,0,1,0,0,0,0,0,1,0,1,1,0,5.0,台北市文山區仙岩路16巷,16000,3,✨世新🌆景美捷運景美夜市🏡電梯獨立套房👜,24.995930297518,121.550418767767,7,世新 景美捷運景美夜市 電梯獨立套房,"['世', '新', ' ', '景美', '捷運', '景美', '夜市', ' ', '電梯', '獨立', '套房']",0,0
1,0,0,0,0,0,0,1,1,1,0,0,0,0,0,0,0,1,0,4.0,台北市文山區指南路二段,5999,1,短租❤飲水機❤免爬高❤寵物❤近政大❤傢俱全新,24.986999971207,121.578479444041,9,短租 飲水機 免爬高 寵物 近政大 傢俱全新,"['短租', ' ', '飲水機', ' ', '免', '爬高', ' ', '寵物', ' ', '近政大', ' ', '傢', '俱全', '新']",0,0
0,0,0,0,0,0,0,0,1,0,0,0,0,1,0,0,0,1,0,3.0,台北市文山區羅斯福路六段159巷5弄,5800,1,萬隆景美小資族雅房.可短租.1.5押金.,24.997415868384,121.541452831055,11,萬隆景美小資族雅房 可短租 1 5押金,"['萬隆', '景美', '小資族', '雅房', ' ', '可短租', ' ', '1', ' ', '5', '押金']",0,0
1,0,0,0,0,0,0,0,1,0,0,1,0,1,0,0,0,1,0,26.6,台北市文山區木柵路二段,12500,3,1.兆基🏡近中山國小🧡木柵公園❤️便宜套房❤️採光佳,24.988803942826,121.561662148876,8,1 兆基 近中山國小 木柵公園 便宜套房 採光佳,"['1', ' ', '兆基', ' ', '近', '中山', '國小', ' ', '木柵公園', ' ', '便宜', '套房', ' ', '採光佳']",0,0
1,0,0,0,0,0,0,0,1,1,0,1,0,1,0,0,0,1,0,7.0,台北市文山區木新路三段,12500,2,寄居蟹🏠景美女中🧡寵物友善🧡可租補美套房,24.981306695261,121.55923028275,4,寄居蟹 景美女中 寵物友善 可租補美套房,"['寄居蟹', ' ', '景', '美女', '中', ' ', '寵物', '友善', ' ', '可租', '補美', '套房']",1,0
0,0,0,0,0,0,0,0,1,0,0,1,0,0,0,0,0,1,0,6.2,台北市文山區景華街82巷2弄,9100,2,兆基🏡景華公園🧡溫馨套房❤️有wifi,24.994812197981,121.545115155887,5,兆基 景華公園 溫馨套房 有wifi,"['兆基', ' ', '景華公園', ' ', '溫馨', '套房', ' ', '有', 'wifi']",0,0
1,0,0,0,0,0,0,0,0,0,1,0,0,1,0,0,0,1,0,4.0,台北市文山區木新路二段,4500,1,"近政治大學,4樓雅房,上班族及學生優佳",24.984498757334,121.56997521775,16,近政治大學 4樓雅房 上班族及學生優佳,"['近', '政治', '大學', ' ', '4', '樓雅房', ' ', '上班族', '及學生', '優佳']",0,0
1,0,0,0,0,0,0,0,0,0,0,1,0,0,0,0,0,1,0,11.0,台北市文山區景文街175號,11000,3,景美套房廉租近捷運站適合世新學生二人合租或三或四人小家庭,24.988921417384,121.540961210402,15,景美套房廉租近捷運站適合世新學生二人合租或三或四人小家庭,"['景美', '套房', '廉租', '近捷', '運站', '適合', '世新學生', '二人', '合租', '或', '三', '或', '四人', '小家庭']",0,0
1,0,0,0,1,0,0,0,0,0,0,0,0,0,0,0,0,1,0,10.0,台北市文山區興隆路一段83巷,14500,3,English萬隆站新裝潢歐風套房更衣間,25.003392509118,121.541554602775,2,English萬隆站新裝潢歐風套房更衣間,"['English', '萬隆', '站', '新', '裝潢', '歐風', '套房', '更衣', '間']",0,0
0,0,0,0,0,0,0,0,0,0,0,0,0,1,1,0,1,1,0,11.0,台北市文山區新光路一段,13000,1,政大門口雅靜社區大廈新美景雅房,24.990791070895,121.573696534917,6,政大門口雅靜社區大廈新美景雅房,"['政大門', '口雅靜', '社區', '大廈', '新', '美景', '雅房']",0,0
1,0,0,0,0,0,0,0,0,0,0,1,0,1,0,0,0,1,0,5.2,台北市文山區試院路154巷2弄,8000,3,近世新，寬敞舒適套房（含第四台速網）,24.99094067669,121.547512497245,18,近世新 寬敞舒適套房 含第四台速網,"['近世', '新', ' ', '寬敞', '舒適', '套房', ' ', '含', '第四', '台速網']",0,0
0,0,0,0,0,0,0,0,0,0,0,0,0,0,0,0,1,1,0,4.0,台北市文山區木新路三段,9000,3,木新路三段獨立套房台電台水有對外窗,24.981306695261,121.55923028275,4,木新路三段獨立套房台電台水有對外窗,"['木', '新路', '三段', '獨立', '套房', '台電台', '水有', '對', '外窗']",0,0
0,0,0,0,0,0,0,0,0,0,0,0,0,0,0,0,0,1,0,8.0,台北市文山區景美街,14500,2,~近景美圖書館~陽光優質房~阿智!!,24.988597579446,121.54180769673,15,近景美圖書館 陽光優質房 阿智,"['近景', '美圖', '書館', ' ', '陽光', '優質', '房', ' ', '阿智']",0,0
1,0,0,0,0,0,0,0,1,0,0,1,0,0,0,0,0,1,0,6.0,台北市文山區萬芳路26巷,20000,3,萬芳❤️近捷運站/靜巷寵物友善/免爬高/居家設備齊全,24.995843791613,121.569886166967,1,萬芳 近捷運站 靜巷寵物友善 免爬高 居家設備齊全,"['萬芳', ' ', '近捷', '運站', ' ', '靜巷', '寵物', '友善', ' ', '免', '爬高', ' ', '居家', '設備', '齊全']",0,0
0,0,0,0,0,0,0,0,1,0,0,1,0,0,0,0,0,1,0,25.0,台北市文山區福興路78巷20弄,20000,4,近捷運學區雙套房一廳可設籍,25.002843381373,121.551357871644,13,近捷運學區雙套房一廳可設籍,"['近捷', '運學區雙', '套房', '一廳', '可', '設籍']",0,0
1,0,0,0,0,0,0,0,0,0,0,0,1,0,0,0,0,1,0,7.0,台北市文山區景華街,14500,3,拎包入住＊景美捷運世新＊自租面公園,24.995427135392,121.546321015786,5,拎包入住 景美捷運世新 自租面公園,"['拎包', '入住', ' ', '景美', '捷運世新', ' ', '自租面', '公園']",0,0
1,0,0,0,0,0,0,0,0,0,0,0,0,1,0,0,0,1,0,6.0,台北市文山區辛亥路五段65號,8500,2,專門水電維修,24.998417568858,121.553435242527,7,專門水電維修,"['專門', '水電維修']",0,0
1,0,0,0,0,0,0,0,0,0,0,1,0,0,1,0,0,1,0,5.0,台北市文山區景興路202巷,12800,1,7月入住套房配備/強大機能/獨洗曬空間,24.991844353301,121.543318253115,5,7月入住套房配備 強大機能 獨洗曬空間,"['7', '月', '入住', '套房', '配備', ' ', '強大機', '能', ' ', '獨洗', '曬', '空間']",0,0
1,0,0,0,0,0,0,0,0,0,0,1,0,0,1,0,0,1,0,8.0,台北市文山區景興路202巷,19000,1,可實習短租女雙人/床桌椅衣櫃2套/機能讚/專用淋浴室陽台,24.991844353301,121.543318253115,5,可實習短租女雙人 床桌椅衣櫃2套 機能讚 專用淋浴室陽台,"['可實習', '短租女', '雙人', ' ', '床', '桌椅', '衣櫃', '2', '套', ' ', '機', '能', '讚', ' ', '專用', '淋浴室', '陽台']",0,1
0,0,0,0,0,0,0,0,1,0,0,0,0,0,0,0,0,1,0,5.0,台北市文山區興隆路三段,15500,3,【近萬芳醫院捷運站|一樓全新裝潢套房出租】,24.995135557669,121.559747711824,10,近萬芳醫院捷運站 一樓全新裝潢套房出租,"['近萬芳', '醫院', '捷運站', ' ', '一樓', '全新', '裝潢', '套房', '出租']",0,0
1,0,0,0,0,0,0,0,1,0,0,1,0,0,0,0,0,1,0,4.2,台北市文山區景興路,11800,2,樂宅｜No.34	文山景興路1｜捷運景美站,24.992261135246,121.544043023281,5,樂宅 No 34 文山景興路1 捷運景美站,"['樂宅', ' ', 'No', ' ', '34', ' ', '文', '山景', '興路', '1', ' ', '捷運', '景美', '站']",0,0
0,0,0,0,0,0,0,0,1,0,0,0,0,1,1,0,0,1,0,6.0,台北市文山區木柵路三段,12000,1,政大五分鐘生活超便利電梯雅房,24.988895012341,121.5684061769,16,政大五分鐘生活超便利電梯雅房,"['政', '大', '五分', '鐘', '生活', '超', '便利', '電梯', '雅房']",0,0
1,0,0,0,0,0,0,0,0,1,0,0,0,1,0,0,0,0,0,7.0,台北市文山區興隆路三段,12499,3,捷運萬芳醫院3分【超值租案】可補助★可養貓★獨立陽台,24.995135557669,121.559747711824,10,捷運萬芳醫院3分 超值租案 可補助 可養貓 獨立陽台,"['捷運萬芳', '醫院', '3', '分', ' ', '超值', '租案', ' ', '可補助', ' ', '可養貓', ' ', '獨立陽台']",0,1
1,0,0,0,0,0,0,0,1,0,0,1,0,1,0,0,0,0,0,4.0,台北市文山區羅斯福路六段276巷,12300,1,景美站❤️靜巷舒適雅房❤️可租補❤️全新傢俱❤️代收垃圾,24.994687087245,121.541310161932,5,景美站 靜巷舒適雅房 可租補 全新傢俱 代收垃圾,"['景美', '站', ' ', '靜巷', '舒', '適雅房', ' ', '可租補', ' ', '全新', '傢', '俱', ' ', '代收', '垃圾']",1,0
1,0,0,0,0,0,0,0,1,0,0,0,0,1,0,0,0,1,0,4.0,台北市文山區興隆路一段55巷27弄,9700,1,Welcomeforeigners,25.004470611494,121.541987700055,2,Welcomeforeigners,['Welcomeforeigners'],0,0
0,0,0,0,0,0,0,0,1,0,0,0,0,1,0,0,0,1,0,14.0,台北市文山區和興路,9500,1,【限女｜和興路雙捷運頂加兩房】大坪林捷運/景美捷運,24.98502852685,121.547985403669,0,限女 和興路雙捷運頂加兩房 大坪林捷運 景美捷運,"['限女', ' ', '和', '興路', '雙捷', '運頂加', '兩房', ' ', '大', '坪林', '捷運', ' ', '景美', '捷運']",0,0
1,0,0,0,0,0,0,0,0,0,0,0,0,1,0,0,0,1,0,5.0,台北市文山區興隆路三段192巷8弄48號,7500,2,興隆都是一家人,24.998051740694,121.557196873034,3,興隆都是一家人,"['興隆', '都', '是', '一家人']",0,0
1,0,0,0,0,0,0,0,0,0,0,0,0,1,0,0,1,1,0,8.0,台北市文山區興隆路三段,17000,2,文山興隆微型公寓，超越套房空間，獨立明亮陽台，可租補,24.995135557669,121.559747711824,10,文山興隆微型公寓 超越套房空間 獨立明亮陽台 可租補,"['文山', '興隆', '微型', '公寓', ' ', '超越', '套房', '空間', ' ', '獨立', '明亮', '陽台', ' ', '可租補']",1,1
1,0,0,0,0,0,0,0,0,0,0,1,0,0,1,0,0,1,0,10.0,台北市文山區木柵路四段137號,16500,4,木柵捷運站“信義18”套房分租,24.998781888279,121.573380400228,1,木柵捷運站 信義18 套房分租,"['木柵捷', '運站', ' ', '信義', '18', ' ', '套房', '分租']",0,0
0,0,0,0,0,0,0,0,1,0,0,0,0,1,0,0,0,1,0,14.0,台北市文山區和興路,9500,1,【限女｜和興路雙捷運頂加兩房】大坪林捷運/景美捷運,24.98502852685,121.547985403669,0,限女 和興路雙捷運頂加兩房 大坪林捷運 景美捷運,"['限女', ' ', '和', '興路', '雙捷', '運頂加', '兩房', ' ', '大', '坪林', '捷運', ' ', '景美', '捷運']",0,0
1,0,0,0,0,0,0,0,0,0,0,0,0,0,1,0,1,1,0,11.0,台北市文山區興隆路四段145巷23弄,13800,3,安美雅靜套房.可辦租補,24.985242879443,121.562800567733,8,安美雅靜套房 可辦租補,"['安美雅靜', '套房', ' ', '可辦', '租補']",1,0
1,0,0,0,0,0,0,0,0,0,0,0,0,1,0,0,1,1,0,8.0,台北市文山區興隆路三段,17000,2,文山興隆微型公寓，超越套房空間，獨立明亮陽台，可租補,24.995135557669,121.559747711824,10,文山興隆微型公寓 超越套房空間 獨立明亮陽台 可租補,"['文山', '興隆', '微型', '公寓', ' ', '超越', '套房', '空間', ' ', '獨立', '明亮', '陽台', ' ', '可租補']",1,1
1,0,0,0,0,0,0,0,1,0,0,0,0,1,0,0,0,1,0,4.0,台北市文山區興隆路一段55巷27弄,9700,1,Welcomeforeigners,25.004470611494,121.541987700055,2,Welcomeforeigners,['Welcomeforeigners'],0,0
1,0,0,0,0,0,0,0,1,1,0,0,0,1,0,0,0,1,0,8.0,台北市文山區羅斯福路五段,18000,3,交通便採光佳,25.005255054602,121.5388267536,14,交通便採光佳,"['交通', '便', '採光佳']",0,0
0,0,0,0,0,0,0,0,0,0,0,0,0,0,0,0,0,1,0,8.0,台北市文山區育英街8號,15000,3,景美實惠套房✨❗️（鄰近捷運站、生活機能方便）,24.991008385546,121.539135296614,15,景美實惠套房 鄰近捷運站 生活機能方便,"['景美', '實惠', '套房', ' ', '鄰近', '捷運站', ' ', '生活', '機能', '方便']",0,0
0,0,0,0,0,0,0,1,0,0,0,1,0,1,0,0,0,1,0,6.0,台北市文山區羅斯福路六段,11000,2,小資美套房生活機能超優出站就家通風光採好,24.994496793815,121.541112282616,5,小資美套房生活機能超優出站就家通風光採好,"['小資美', '套房', '生活', '機能', '超優出', '站', '就', '家', '通風光', '採好']",0,0
1,0,0,0,0,0,0,1,0,0,0,0,0,1,0,0,0,1,0,5.0,台北市文山區恆光街51巷,7800,1,限女性，雅房，鄰政大／戲曲學院,24.982423231811,121.568293322433,16,限女性 雅房 鄰政大 戲曲學院,"['限', '女性', ' ', '雅房', ' ', '鄰政大', ' ', '戲曲學院']",0,0
0,0,0,0,0,0,0,0,0,0,0,0,1,0,0,0,0,1,0,5.0,台北市文山區羅斯福路六段64號,8500,3,羅斯福路-萬隆站走路3分鐘-獨立套房,24.998795047867,121.540039955424,11,羅斯福路 萬隆站走路3分鐘 獨立套房,"['羅', '斯福路', ' ', '萬隆', '站', '走路', '3', '分鐘', ' ', '獨立', '套房']",0,0
1,0,0,0,0,0,0,0,0,0,0,0,0,1,0,0,0,1,0,5.0,台北市文山區興隆路三段192巷8弄48號,7500,2,興隆都是一家人,24.998051740694,121.557196873034,3,興隆都是一家人,"['興隆', '都', '是', '一家人']",0,0
1,0,0,0,0,0,0,0,0,0,0,0,0,1,0,0,1,1,0,7.0,台北市文山區興隆路三段,16000,1,興隆拾光雅居採光極佳溫馨小天地可租補,24.995135557669,121.559747711824,10,興隆拾光雅居採光極佳溫馨小天地可租補,"['興隆拾', '光雅居', '採光', '極佳', '溫馨', '小天地', '可租補']",1,0
1,0,0,0,0,0,0,0,1,0,0,0,0,1,0,0,1,1,0,6.0,台北市文山區木柵路三段,15800,2,🌈木柵路美寓｜可租補｜飯店式管理｜採光佳☀️阿傳☀️,24.988895012341,121.5684061769,16,木柵路美寓 可租補 飯店式管理 採光佳 阿傳,"['木柵路', '美寓', ' ', '可租補', ' ', '飯店', '式', '管理', ' ', '採光佳', ' ', '阿傳']",1,0
0,0,0,0,0,0,0,0,1,0,0,1,0,0,0,0,0,1,0,10.0,台北市文山區景興路96巷39號,19500,3,獨立大門！景美捷運站步行兩分鐘！世新大學及台北上班族,24.994565790982,121.542509347919,5,獨立大門 景美捷運站步行兩分鐘 世新大學及台北上班族,"['獨立', '大門', ' ', '景美', '捷運站', '步行', '兩分鐘', ' ', '世新大學', '及', '台北', '上班族']",0,0
1,1,0,0,0,0,0,0,0,0,0,0,0,0,0,0,0,1,0,9.0,台北市文山區興隆路三段36巷9弄,11800,2,761二樓套房，近捷運,25.000881471206,121.554885395595,3,761二樓套房 近捷運,"['761', '二樓', '套房', ' ', '近捷運']",0,0
0,0,0,0,0,0,0,0,0,0,0,0,0,0,0,0,0,1,0,3.0,台北市文山區興隆路三段36巷9弄,4800,1,761二樓雅房，近捷運，有大小間可挑選,25.000881471206,121.554885395595,3,761二樓雅房 近捷運 有大小間可挑選,"['761', '二樓', '雅房', ' ', '近捷運', ' ', '有', '大小', '間', '可', '挑選']",0,0
1,0,0,0,0,0,0,0,1,0,0,1,0,0,0,0,0,1,0,6.0,台北市文山區羅斯福路六段,11200,1,文山區羅斯福路｜萬隆站4分鐘．家庭式共生宅．電梯管理｜可開伙,24.994496793815,121.541112282616,5,文山區羅斯福路 萬隆站4分鐘 家庭式共生宅 電梯管理 可開伙,"['文山', '區羅斯福路', ' ', '萬隆', '站', '4', '分鐘', ' ', '家庭式', '共生', '宅', ' ', '電梯', '管理', ' ', '可開伙']",0,0
0,0,0,0,0,0,0,0,0,0,0,0,0,1,0,0,0,1,0,3.0,台北市文山區辛亥路五段73巷7弄,12000,3,👍獨立套房👍近中國科大👍生活機能佳,24.997809894197,121.553459622609,7,獨立套房 近中國科大 生活機能佳,"['獨立', '套房', ' ', '近中國', '科大', ' ', '生活', '機能', '佳']",0,0
1,0,0,0,0,0,0,0,1,0,1,0,0,1,0,0,0,0,0,5.0,台北市文山區忠順街二段90巷,6000,1,政大後門6分鐘|採光亮安靜讀書佳|教授+學長,24.984968790694,121.565788165895,16,政大後門6分鐘 採光亮安靜讀書佳 教授 學長,"['政大後門', '6', '分鐘', ' ', '採', '光亮', '安靜', '讀書佳', ' ', '教授', ' ', '學長']",0,0
1,0,0,0,0,0,0,0,0,0,0,0,0,0,0,0,0,1,0,5.5,台北市文山區羅斯福路五段,13000,3,可短租4個月台大/台科大公館2樓雙窗雙人床景觀優質套房,25.005255054602,121.5388267536,14,可短租4個月台大 台科大公館2樓雙窗雙人床景觀優質套房,"['可短租', '4', '個', '月', '台大', ' ', '台科', '大公', '館', '2', '樓', '雙窗', '雙人床', '景觀', '優質', '套房']",0,0
1,0,0,0,0,0,0,0,1,0,0,1,0,0,0,0,0,1,0,14.0,台北市文山區木柵路一段59巷9弄2號,16500,2,☀️文山區大套房/限時優惠首月折5千/免仲介費/乾溼分離,24.9878059118,121.546167126645,0,文山區大套房 限時優惠首月折5千 免仲介費 乾溼分離,"['文山', '區大', '套房', ' ', '限時', '優惠首', '月', '折', '5', '千', ' ', '免', '仲介', '費', ' ', '乾', '溼', '分', '離']",0,0
0,0,0,0,0,0,0,1,0,0,0,1,0,1,0,0,0,1,0,8.0,台北市文山區羅斯福路六段,11500,2,可租補～交通方便一卡皮箱入住～限女性,24.994496793815,121.541112282616,5,可租補 交通方便一卡皮箱入住 限女性,"['可租補', ' ', '交通', '方便', '一卡', '皮箱', '入住', ' ', '限', '女性']",1,0
1,0,0,0,0,0,0,0,1,0,0,1,0,0,0,0,0,1,0,5.0,台北市文山區景華街82巷3號,12500,2,限女性～獨立廚房可開伙～有對外窗住戶單純,24.994984215589,121.545360955198,5,限女性 獨立廚房可開伙 有對外窗住戶單純,"['限', '女性', ' ', '獨立', '廚房', '可', '開伙', ' ', '有', '對', '外窗', '住戶', '單純']",0,0
0,0,0,0,0,0,0,0,0,0,0,0,0,0,0,0,0,1,0,6.0,台北市文山區景興路114巷,6000,1,"雅房,限男性,磚牆隔間,近捷運.市場。",24.99376911204,121.544094659176,5,雅房 限男性 磚牆隔間 近捷運 市場,"['雅房', ' ', '限', '男性', ' ', '磚牆', '隔間', ' ', '近捷運', ' ', '市場']",0,0
0,0,0,0,0,0,0,0,0,0,0,0,0,1,0,0,0,1,0,5.0,台北市文山區興德路64巷,8000,2,辛亥捷運、中國科大溫馨套房,25.0032598185,121.557999386719,3,辛亥捷運 中國科大溫馨套房,"['辛亥', '捷運', ' ', '中國', '科大', '溫馨', '套房']",0,0
1,0,0,0,0,0,0,0,0,0,0,1,0,0,0,0,0,1,0,4.0,台北市文山區羅斯福路六段,8300,2,單純單人套房生活機能優房間廁所皆有對外窗,24.994496793815,121.541112282616,5,單純單人套房生活機能優房間廁所皆有對外窗,"['單純', '單人', '套房', '生活', '機能', '優房間', '廁所', '皆', '有', '對', '外窗']",0,0
1,0,0,0,0,0,0,0,0,0,0,1,0,0,0,0,0,1,0,4.0,台北市文山區育英街,7000,1,景美捷運適女性共住,24.991494658842,121.538334433597,15,景美捷運適女性共住,"['景美', '捷運適', '女性', '共住']",0,0
1,0,0,1,0,0,0,0,0,0,0,0,0,0,0,0,0,1,0,22.0,台北市文山區興隆路三段221巷4弄4號,8000,4,2大雅房分租寬敞舒適全新衛浴裝潢,24.994051309765,121.560278563555,10,2大雅房分租寬敞舒適全新衛浴裝潢,"['2', '大雅', '房', '分租', '寬敞', '舒適', '全新', '衛浴', '裝潢']",0,0
0,0,0,0,0,0,0,0,1,0,0,0,0,0,0,0,0,1,0,21.0,台北市文山區忠順街一段26巷13弄,18000,4,木柵2房-一年起租光線明亮✔空間寬敞✔小資首選,24.982803010057,121.55962852013,4,木柵2房 一年起租光線明亮 空間寬敞 小資首選,"['木柵', '2', '房', ' ', '一年', '起租', '光線', '明亮', ' ', '空間', '寬', '敞', ' ', '小資', '首選']",0,0
1,0,0,0,0,0,0,0,0,0,0,1,0,0,1,0,0,1,0,10.0,台北市文山區木柵路四段137號,16500,4,木柵捷運站“信義18”套房分租,24.998781888279,121.573380400228,1,木柵捷運站 信義18 套房分租,"['木柵捷', '運站', ' ', '信義', '18', ' ', '套房', '分租']",0,0
1,0,0,1,0,0,0,0,0,0,0,0,0,0,0,0,0,1,0,22.0,台北市文山區興隆路三段221巷4弄4號,8000,4,2大雅房分租寬敞舒適全新衛浴裝潢,24.994051309765,121.560278563555,10,2大雅房分租寬敞舒適全新衛浴裝潢,"['2', '大雅', '房', '分租', '寬敞', '舒適', '全新', '衛浴', '裝潢']",0,0
0,0,0,0,0,0,0,0,1,0,0,0,0,0,0,0,0,1,0,21.0,台北市文山區忠順街一段26巷13弄,18000,4,木柵2房-一年起租光線明亮✔空間寬敞✔小資首選,24.982803010057,121.55962852013,4,木柵2房 一年起租光線明亮 空間寬敞 小資首選,"['木柵', '2', '房', ' ', '一年', '起租', '光線', '明亮', ' ', '空間', '寬', '敞', ' ', '小資', '首選']",0,0
1,0,0,0,0,0,0,0,0,0,0,0,0,0,0,0,0,1,0,4.0,台北市文山區萬盛街,12000,2,🏠萬隆站｜生活機能超強｜拎包入住首選｜優質套房(已付訂),25.00602159615,121.540720604509,14,萬隆站 生活機能超強 拎包入住首選 優質套房 已付訂,"['萬隆', '站', ' ', '生活', '機能', '超強', ' ', '拎包', '入住', '首選', ' ', '優質', '套房', ' ', '已付', '訂']",0,0
1,0,0,0,0,0,0,0,1,1,0,0,0,1,0,0,0,1,0,8.0,台北市文山區羅斯福路五段,18000,3,交通便採光佳,25.005255054602,121.5388267536,14,交通便採光佳,"['交通', '便', '採光佳']",0,0
1,0,0,1,0,0,0,0,0,0,0,1,0,0,0,0,0,1,0,8.0,台北市文山區興隆路一段87號,9000,3,溫馨套房-近萬隆捷運站、公館商圈，交通便利。,25.003070363311,121.541443672749,2,溫馨套房 近萬隆捷運站 公館商圈 交通便利,"['溫馨', '套房', ' ', '近萬隆捷', '運站', ' ', '公館', '商圈', ' ', '交通', '便利']",0,0
0,0,0,0,0,0,0,0,0,0,0,0,0,0,0,0,0,1,0,8.0,台北市文山區育英街8號,15000,3,景美實惠套房✨❗️（鄰近捷運站、生活機能方便）,24.991008385546,121.539135296614,15,景美實惠套房 鄰近捷運站 生活機能方便,"['景美', '實惠', '套房', ' ', '鄰近', '捷運站', ' ', '生活', '機能', '方便']",0,0
1,0,0,0,0,0,0,0,1,0,0,1,0,0,0,0,0,1,0,6.0,台北市文山區辛亥路五段,14998,3,萬芳醫院站/近中國科技大學/獨立洗脫烘/獨立陽台/變頻冷氣,24.998159731729,121.553071822137,7,萬芳醫院站 近中國科技大學 獨立洗脫烘 獨立陽台 變頻冷氣,"['萬芳', '醫院', '站', ' ', '近中國', '科技', '大學', ' ', '獨立', '洗脫', '烘', ' ', '獨立陽台', ' ', '變頻', '冷氣']",0,1
0,0,0,0,0,0,0,0,0,0,0,0,0,0,0,0,0,1,0,7.0,台北市文山區萬隆街,14000,2,近台大/公館-萬隆捷運站雅靜套房,25.000596075024,121.53747996232,11,近台大 公館 萬隆捷運站雅靜套房,"['近', '台大', ' ', '公館', ' ', '萬隆捷', '運站', '雅靜', '套房']",0,0
1,0,0,0,0,0,0,0,1,1,0,1,0,0,0,0,0,1,0,18.0,台北市文山區木柵路一段,19500,4,品位居所❤木柵路一段|18.0坪,24.986870628629,121.546508825123,0,品位居所 木柵路一段 18 0坪,"['品位', '居所', ' ', '木柵路', '一段', ' ', '18', ' ', '0', '坪']",0,0
1,0,0,0,0,0,0,0,0,0,0,1,0,1,1,0,0,1,0,17.3,台北市文山區景興路188號,19000,3,⭐友善屋源⭐社宅⭐近捷運/機能佳⭐可租補/入籍⭐免仲介費⭐,24.99223214341,121.543843579266,5,友善屋源 社宅 近捷運 機能佳 可租補 入籍 免仲介費,"['友善', '屋源', ' ', '社宅', ' ', '近捷運', ' ', '機能', '佳', ' ', '可租補', ' ', '入籍', ' ', '免', '仲介', '費']",1,0
1,0,0,0,0,0,0,0,1,0,0,1,0,1,1,0,0,1,0,8.8,台北市文山區仙岩路16巷46號,13500,3,⭐友善屋源⭐社宅⭐採光套房/陽台⭐租屋補助/入籍⭐免仲介費⭐,24.996726394164,121.550233271695,7,友善屋源 社宅 採光套房 陽台 租屋補助 入籍 免仲介費,"['友善', '屋源', ' ', '社宅', ' ', '採光', '套房', ' ', '陽台', ' ', '租屋', '補助', ' ', '入籍', ' ', '免', '仲介', '費']",1,1
1,0,0,0,0,0,0,0,1,1,0,0,0,0,0,0,0,1,0,18.0,台北市文山區木柵路一段,19500,4,超正~精美裝潢附家具家電之陽台1房1廳,24.986870628629,121.546508825123,0,超正 精美裝潢附家具家電之陽台1房1廳,"['超正', ' ', '精美', '裝潢', '附', '家具', '家電之陽台', '1', '房', '1', '廳']",0,1
1,0,0,0,0,0,0,0,0,0,0,0,0,0,0,0,0,1,0,6.0,台北市文山區景美街63號,10100,3,文山區景美商圈即刻入住捷運雙人開窗套房,24.990944054439,121.541874837848,15,文山區景美商圈即刻入住捷運雙人開窗套房,"['文山', '區', '景美', '商圈', '即刻', '入住', '捷運', '雙人', '開窗', '套房']",0,0
1,0,0,0,0,0,0,0,0,0,0,0,0,0,0,0,0,1,0,12.0,台北市文山區景美街63號,14500,3,文山區景美商圈捷運即刻入住雙人開窗套房,24.990944054439,121.541874837848,15,文山區景美商圈捷運即刻入住雙人開窗套房,"['文山', '區', '景美', '商圈', '捷運', '即刻', '入住', '雙人', '開窗', '套房']",0,0
1,0,0,0,0,0,0,0,1,0,0,1,0,0,0,0,0,1,0,15.0,台北市文山區景後街,20000,2,景美愛買一樓大套房_近捷運,24.989396657147,121.541928038848,15,景美愛買一樓大套房 近捷運,"['景美', '愛買', '一樓', '大', '套房', ' ', '近捷運']",0,0
0,0,0,1,0,0,0,0,1,0,0,0,0,0,0,0,0,1,0,7.0,台北市文山區景福街,9999,3,可租補入籍⭐近景美站⭐一樓公寓⭐可當工作室⭐可住宅,24.9977920247,121.53669194,11,可租補入籍 近景美站 一樓公寓 可當工作室 可住宅,"['可租補', '入籍', ' ', '近景', '美站', ' ', '一樓', '公寓', ' ', '可當', '工作室', ' ', '可', '住宅']",1,0
1,0,0,0,0,0,0,0,0,0,0,0,0,1,0,0,0,1,0,12.0,台北市文山區仙岩路,12000,2,透天獨立3樓及附加頂層舒適空間,24.999616603943,121.54957499293,13,透天獨立3樓及附加頂層舒適空間,"['透天', '獨立', '3', '樓及', '附加', '頂層', '舒適', '空間']",0,0
1,0,1,0,0,0,0,0,0,1,0,0,0,1,0,0,0,0,0,7.0,台北市文山區興隆路三段,12499,3,免佣）捷運萬芳醫院3分【超值租案】可補助★可養貓★獨立陽台,24.995135557669,121.559747711824,10,免佣 捷運萬芳醫院3分 超值租案 可補助 可養貓 獨立陽台,"['免佣', ' ', '捷運萬芳', '醫院', '3', '分', ' ', '超值', '租案', ' ', '可補助', ' ', '可養貓', ' ', '獨立陽台']",0,1
1,0,1,0,0,0,0,0,0,1,0,0,0,0,0,0,0,0,0,5.0,台北市文山區和興路,8999,3,免佣）世新首選【超值租案】可補助★可養寵★限學生,24.98502852685,121.547985403669,0,免佣 世新首選 超值租案 可補助 可養寵 限學生,"['免佣', ' ', '世新', '首選', ' ', '超值', '租案', ' ', '可補助', ' ', '可養寵', ' ', '限學生']",0,0
0,0,0,0,0,0,0,0,1,0,0,1,0,0,0,0,0,0,0,27.0,台北市文山區景隆街,14999,4,捷運萬隆5分【超值1房1廳】有廚房★採光優★一層一戶,24.999517416712,121.541991845628,2,捷運萬隆5分 超值1房1廳 有廚房 採光優 一層一戶,"['捷運萬隆', '5', '分', ' ', '超值', '1', '房', '1', '廳', ' ', '有', '廚房', ' ', '採光優', ' ', '一層', '一戶']",0,0
0,0,1,0,0,0,0,0,1,0,0,1,0,0,0,0,0,0,0,27.0,台北市文山區景隆街,14999,4,免佣）捷運萬隆5分【超值1房1廳】有廚房★採光優★一層一戶,24.999517416712,121.541991845628,2,免佣 捷運萬隆5分 超值1房1廳 有廚房 採光優 一層一戶,"['免佣', ' ', '捷運萬隆', '5', '分', ' ', '超值', '1', '房', '1', '廳', ' ', '有', '廚房', ' ', '採光優', ' ', '一層', '一戶']",0,0
1,0,0,0,0,0,0,0,0,1,0,0,0,0,0,0,0,0,0,5.0,台北市文山區和興路,8999,3,世新首選【超值租案】可補助★可養寵★限學生,24.98502852685,121.547985403669,0,世新首選 超值租案 可補助 可養寵 限學生,"['世新', '首選', ' ', '超值', '租案', ' ', '可補助', ' ', '可養寵', ' ', '限學生']",0,0
1,0,0,0,0,0,0,0,0,0,0,1,0,0,0,0,0,1,0,5.5,台北市文山區新光路一段,5999,3,獨家🔥近木柵站✦近政治大學✦學生首選✦寧靜空間✦個人衛浴,24.990791070895,121.573696534917,6,獨家 近木柵站 近政治大學 學生首選 寧靜空間 個人衛浴,"['獨家', ' ', '近木柵站', ' ', '近', '政治', '大學', ' ', '學生', '首選', ' ', '寧靜', '空間', ' ', '個', '人衛浴']",0,0
1,0,0,0,0,0,0,0,1,0,0,0,0,1,0,0,0,1,0,15.5,台北市文山區興隆路一段184巷2弄4號,14999,3,獨家🔥近萬隆捷運✦採光大陽台✦獨立洗脫烘✦變頻冷氣,25.001259369311,121.54221061689,2,獨家 近萬隆捷運 採光大陽台 獨立洗脫烘 變頻冷氣,"['獨家', ' ', '近萬隆', '捷運', ' ', '採', '光大', '陽台', ' ', '獨立', '洗脫', '烘', ' ', '變頻', '冷氣']",0,1
1,0,0,1,0,0,0,0,1,0,0,0,0,0,0,0,0,1,0,15.5,台北市文山區興隆路一段184巷2弄,14999,4,獨家🔥近萬隆捷運✦採光大陽台✦獨立洗脫烘✦變頻冷氣,25.001141435933,121.542314803946,2,獨家 近萬隆捷運 採光大陽台 獨立洗脫烘 變頻冷氣,"['獨家', ' ', '近萬隆', '捷運', ' ', '採', '光大', '陽台', ' ', '獨立', '洗脫', '烘', ' ', '變頻', '冷氣']",0,1
1,0,0,0,0,0,0,0,1,0,0,0,0,1,0,0,0,1,0,11.0,台北市文山區試院路,9000,3,獨棟水泥隔間套房（可租補）,24.989207887689,121.544820794987,18,獨棟水泥隔間套房 可租補,"['獨棟', '水泥', '隔間', '套房', ' ', '可租補']",1,0
1,0,0,0,0,0,0,0,0,0,0,0,0,1,0,0,0,1,0,8.0,台北市文山區木新路三段,17000,2,可租補木新路三段獨立衛浴/高級裝潢/免爬高2樓全新優質套房,24.981306695261,121.55923028275,4,可租補木新路三段獨立衛浴 高級裝潢 免爬高2樓全新優質套房,"['可租', '補木', '新路', '三段', '獨立', '衛浴', ' ', '高級', '裝潢', ' ', '免', '爬高', '2', '樓', '全新', '優質', '套房']",1,0
1,0,0,0,0,0,0,0,0,0,0,1,0,1,0,0,0,1,0,4.0,台北市文山區和興路44巷14弄,5500,1,景美世新大學全新雅房,24.984347667947,121.546859023414,0,景美世新大學全新雅房,"['景美', '世新大學', '全新', '雅房']",0,0
1,0,0,0,0,0,0,0,0,0,0,1,0,0,0,0,1,1,0,7.0,台北市文山區興隆路一段,8900,2,租補萬隆捷運大套房-適台大/師大/世新/上班族,25.004269661114,121.539133954494,14,租補萬隆捷運大套房 適台大 師大 世新 上班族,"['租補', '萬隆捷', '運大', '套房', ' ', '適', '台大', ' ', '師大', ' ', '世', '新', ' ', '上班族']",1,0
1,0,0,0,0,0,0,0,0,0,0,0,0,0,0,0,0,1,0,7.0,台北市文山區興隆路四段109巷92弄,9500,2,(近政大)興隆路四段優質套房出租!,24.986828926188,121.563898032578,8,近政大 興隆路四段優質套房出租,"['近政大', ' ', '興隆路', '四段', '優質', '套房', '出租']",0,0
1,0,0,0,0,0,0,0,0,0,1,0,0,0,0,0,0,1,0,6.0,台北市文山區指南路二段77巷,6500,1,近麥當勞、政大、雅房出租(限女),24.988383519009,121.575053033486,6,近麥當勞 政大 雅房出租 限女,"['近麥', '當勞', ' ', '政', '大', ' ', '雅', '房出租', ' ', '限女']",0,0
1,0,0,0,0,0,0,0,0,0,1,1,0,0,0,0,0,1,0,6.0,台北市文山區指南路二段77巷3號,8500,1,可租補近麥當勞、政大、可兩人租雅房出租(限女),24.988135907328,121.574671297136,6,可租補近麥當勞 政大 可兩人租雅房出租 限女,"['可租', '補近', '麥當勞', ' ', '政', '大', ' ', '可', '兩人', '租雅', '房出租', ' ', '限女']",1,0
1,0,0,1,0,0,0,0,1,0,0,0,0,0,0,0,0,1,0,4.0,台北市文山區興隆路四段109巷92弄,9500,3,萬芳醫院❣️便宜首選~3F免爬高！採光通風、包水網路第四台,24.986828926188,121.563898032578,8,萬芳醫院 便宜首選 3F免爬高 採光通風 包水網路第四台,"['萬芳', '醫院', ' ', '便宜', '首選', ' ', '3F', '免', '爬高', ' ', '採', '光通', '風', ' ', '包水', '網路', '第四', '台']",0,0
1,0,0,0,0,0,0,0,0,0,0,1,0,0,1,0,0,0,0,5.0,台北市文山區興隆路二段301巷,13000,3,辛亥❣️包水電免爬梯/包裹垃圾代收/傢俱齊全採光/機能佳,25.002266800766,121.553617464976,7,辛亥 包水電免爬梯 包裹垃圾代收 傢俱齊全採光 機能佳,"['辛亥', ' ', '包水', '電免', '爬梯', ' ', '包裹', '垃圾', '代收', ' ', '傢', '俱', '齊全', '採光', ' ', '機能', '佳']",0,0
1,0,0,0,0,0,0,0,0,0,0,1,0,0,0,0,0,1,0,6.0,台北市文山區景興路96巷,19500,3,景美❣️裝潢新獨洗陽台/免爬高傢俱齊全/台水台電通風佳,24.9946810306,121.543417142824,5,景美 裝潢新獨洗陽台 免爬高傢俱齊全 台水台電通風佳,"['景美', ' ', '裝潢', '新獨', '洗陽台', ' ', '免', '爬高', '傢', '俱', '齊全', ' ', '台水台', '電通', '風佳']",0,1
1,0,0,0,0,0,0,0,1,1,0,1,0,0,0,0,0,1,0,6.0,台北市文山區興隆路三段221巷,8500,3,屋況優🔥MRT萬芳醫院🔥中國科大💖大露臺,24.994078248092,121.561206588751,10,屋況優 MRT萬芳醫院 中國科大 大露臺,"['屋況', '優', ' ', 'MRT', '萬芳', '醫院', ' ', '中國', '科大', ' ', '大露', '臺']",0,0
1,0,0,1,0,0,0,0,0,1,0,1,0,0,0,0,0,1,0,6.0,台北市文山區興隆路三段221巷2弄,10000,3,🔥萬芳醫院🔥寧靜社區/獨立套房/舒適空間,24.993982641304,121.559918403863,10,萬芳醫院 寧靜社區 獨立套房 舒適空間,"['萬芳', '醫院', ' ', '寧靜', '社區', ' ', '獨立', '套房', ' ', '舒適', '空間']",0,0
1,0,0,0,0,0,0,0,1,0,0,0,0,0,0,0,0,1,0,5.0,台北市文山區景興路,13500,3,景美❣️採光通風、格局方正、家具齊全、捷運機能好、衛浴窗,24.992261135246,121.544043023281,5,景美 採光通風 格局方正 家具齊全 捷運機能好 衛浴窗,"['景美', ' ', '採', '光通', '風', ' ', '格局', '方正', ' ', '家具', '齊全', ' ', '捷運機', '能', '好', ' ', '衛浴', '窗']",0,0
0,0,0,0,0,0,0,0,1,0,0,0,0,0,0,0,0,1,0,10.0,台北市文山區溪洲街,15000,2,優質套房出租,25.00283617711,121.535578139007,14,優質套房出租,"['優質', '套房', '出租']",0,0
0,0,0,0,0,0,0,0,0,0,0,0,0,0,0,0,0,1,0,8.0,台北市文山區景興路,12500,2,🏡【景美萬隆捷運站｜採光套房出租】學生・上班族首選,24.992261135246,121.544043023281,5,景美萬隆捷運站 採光套房出租 學生 上班族首選,"['景美', '萬隆捷', '運站', ' ', '採光', '套房', '出租', ' ', '學生', ' ', '上班族', '首選']",0,0
1,0,0,0,0,0,0,0,0,0,0,1,0,0,0,0,0,1,0,5.0,台北市文山區景興路96巷,19500,3,景美💜獨洗晒／免爬高／台電計費／近新裝潢／捷運機能佳,24.9946810306,121.543417142824,5,景美 獨洗晒 免爬高 台電計費 近新裝潢 捷運機能佳,"['景美', ' ', '獨洗', '晒', ' ', '免', '爬高', ' ', '台電計費', ' ', '近新', '裝潢', ' ', '捷運機', '能佳']",0,0
1,0,0,0,1,0,0,0,0,0,0,1,0,0,0,0,0,0,0,5.0,台北市文山區興隆路二段220巷,7000,3,"近捷運站,大學,商店街,便利生活美套房!",25.000346775974,121.552121842762,7,近捷運站 大學 商店街 便利生活美套房,"['近捷', '運站', ' ', '大學', ' ', '商店', '街', ' ', '便利', '生活', '美', '套房']",0,0
1,0,0,0,0,0,0,0,0,0,0,0,0,1,0,0,0,1,0,7.5,台北市文山區木新路三段274號,12000,3,景美女中優質套房711樓上,24.981236762824,121.558211670051,4,景美女中優質套房711樓上,"['景', '美女', '中', '優質', '套房', '711', '樓上']",0,0
1,0,0,0,0,0,0,0,1,1,0,1,0,0,0,0,0,1,0,7.0,台北市文山區新光路一段,9988,3,歡迎世新同學(唯一)萬元美屋/採光-新裝潢-現時可居,24.990791070895,121.573696534917,6,歡迎世新同學 唯一 萬元美屋 採光 新裝潢 現時可居,"['歡迎', '世新', '同學', ' ', '唯一', ' ', '萬元', '美屋', ' ', '採光', ' ', '新裝潢', ' ', '現時', '可居']",0,0
1,0,0,0,0,0,0,0,1,0,0,0,0,1,0,0,1,1,0,6.0,台北市文山區木柵路三段,15800,2,木柵路丨可租補丨質感裝潢丨採光佳🌟忠豪🌟,24.988895012341,121.5684061769,16,木柵路丨可租補丨質感裝潢丨採光佳 忠豪,"['木柵路', '丨', '可租補', '丨', '質感', '裝潢', '丨', '採光佳', ' ', '忠豪']",1,0
0,0,0,0,0,0,0,0,0,0,0,1,0,1,0,0,0,0,0,8.0,台北市文山區木柵路二段109巷100弄40號,13000,3,謐靜電梯吉宅,24.992676845283,121.562167173979,10,謐靜電梯吉宅,"['謐', '靜電梯', '吉宅']",0,0
1,0,0,0,0,0,0,0,0,0,0,1,0,0,0,0,0,1,0,6.0,台北市文山區景興路96巷,19500,3,景美🚝台水電⚡️變頻冷氣❄️獨洗曬👕免爬高✌🏻新裝潢✨,24.9946810306,121.543417142824,5,景美 台水電 變頻冷氣 獨洗曬 免爬高 新裝潢,"['景美', ' ', '台水電', ' ', '變頻', '冷氣', ' ', '獨洗', '曬', ' ', '免', '爬高', ' ', '新裝潢']",0,0
1,0,0,0,0,0,0,0,1,0,0,0,0,0,0,0,0,1,0,6.0,台北市文山區羅斯福路六段232巷,8600,1,交通方便生活機能絕佳,24.99571708239,121.541274168245,5,交通方便生活機能絕佳,"['交通', '方便', '生活', '機能', '絕佳']",0,0
1,0,0,0,0,0,0,0,1,0,0,0,0,1,0,0,0,1,0,3.5,台北市文山區汀州路四段140巷2弄,12800,1,🚀萬隆捷運站/師大分部，可租補/報稅，真學校旁優質雅房🚀,25.0051366963,121.53540614286,14,萬隆捷運站 師大分部 可租補 報稅 真學校旁優質雅房,"['萬隆捷', '運站', ' ', '師大', '分部', ' ', '可租補', ' ', '報稅', ' ', '真學校', '旁', '優質', '雅房']",1,0
1,0,0,0,0,0,0,0,1,0,0,0,0,0,0,0,0,1,0,4.0,台北市文山區羅斯福路六段276巷,12300,1,🚀景美捷運站世新大學一樓共生雅房🚀,24.994687087245,121.541310161932,5,景美捷運站世新大學一樓共生雅房,"['景美', '捷運站', '世新大學', '一樓', '共生', '雅房']",0,0
1,0,0,0,0,0,0,0,1,0,0,0,0,1,0,0,0,1,0,5.0,台北市文山區辛亥路五段73巷,12000,3,萬芳醫院❣️獨立陽台洗曬代收垃圾對外窗通風格局方正裝潢新,24.99823295045,121.553220599313,7,萬芳醫院 獨立陽台洗曬代收垃圾對外窗通風格局方正裝潢新,"['萬芳', '醫院', ' ', '獨立陽台', '洗', '曬', '代收', '垃圾', '對外', '窗通風', '格局', '方正', '裝潢', '新']",0,1
1,0,0,0,0,0,0,0,1,0,0,0,0,1,0,0,1,1,0,4.0,台北市文山區羅斯福路六段276巷,12300,1,景美站/生活便捷舒適🍀4.0坪/質感空間,24.994687087245,121.541310161932,5,景美站 生活便捷舒適 4 0坪 質感空間,"['景美', '站', ' ', '生活', '便捷', '舒適', ' ', '4', ' ', '0', '坪', ' ', '質感', '空間']",0,0
1,0,0,0,0,0,0,0,0,0,0,1,0,0,1,0,0,1,0,5.9,台北市文山區景後街,15000,3,寄居蟹社會住宅🏠友善屋源🧡世新大學、景美夜市、可租補入籍,24.989396657147,121.541928038848,15,寄居蟹社會住宅 友善屋源 世新大學 景美夜市 可租補入籍,"['寄居蟹', '社會', '住宅', ' ', '友善', '屋源', ' ', '世新大學', ' ', '景美', '夜市', ' ', '可租補', '入籍']",1,0
1,0,0,0,0,0,0,0,0,0,0,1,0,0,1,0,0,0,0,9.0,台北市文山區羅斯福路六段39巷,17000,2,3/29前大降價❤️萬隆捷運站101景觀電梯套房.近台大世新,24.999665214361,121.539989457688,2,3 29前大降價 萬隆捷運站101景觀電梯套房 近台大世新,"['3', ' ', '29', '前大', '降價', ' ', '萬隆捷', '運站', '101', '景觀', '電梯', '套房', ' ', '近', '台大', '世', '新']",0,0
0,0,1,0,0,0,0,0,1,0,0,1,0,0,0,1,1,0,0,24.8,台北市文山區辛亥路四段166巷,20000,4,好宅【社宅可租補】文山靜心公寓二房,25.003636479572,121.556221244929,3,好宅 社宅可租補 文山靜心公寓二房,"['好宅', ' ', '社宅', '可租補', ' ', '文山', '靜心', '公寓', '二房']",1,0
1,0,0,0,0,0,0,0,0,0,0,1,0,0,1,0,0,1,0,10.5,台北市文山區萬和街6號,16800,2,近萬芳社區捷運站大樓飯店式優質大套房,25.001933274326,121.567363283395,1,近萬芳社區捷運站大樓飯店式優質大套房,"['近萬芳', '社區', '捷運站', '大樓', '飯', '店式', '優質', '大', '套房']",0,0
1,0,0,0,0,0,0,0,1,0,0,0,0,0,0,0,0,1,0,7.0,台北市文山區羅斯福路六段232巷,13800,1,景美捷運新裝潢🚇共生雅房B🎉可租補,24.99571708239,121.541274168245,5,景美捷運新裝潢 共生雅房B 可租補,"['景美', '捷運新', '裝潢', ' ', '共生', '雅房', 'B', ' ', '可租補']",1,0
1,0,0,0,0,0,0,0,1,1,0,0,0,0,0,0,0,0,0,7.0,台北市文山區木新路三段232巷6弄12號,11000,2,木新市場旁~獨立套房,24.98191150603,121.559537519496,4,木新市場旁 獨立套房,"['木新', '市場', '旁', ' ', '獨立', '套房']",0,0
1,0,0,0,0,0,0,0,0,0,0,1,0,0,0,0,0,0,0,9.0,台北市文山區景興路,19500,3,近捷運景美【優質租案】獨洗衣機★新裝潢★限女性,24.992261135246,121.544043023281,5,近捷運景美 優質租案 獨洗衣機 新裝潢 限女性,"['近捷運', '景美', ' ', '優質', '租案', ' ', '獨', '洗衣', '機', ' ', '新裝潢', ' ', '限', '女性']",0,0
0,0,0,0,0,0,0,0,0,1,0,1,0,1,0,0,1,0,0,7.0,台北市文山區興隆路三段112巷2弄,11998,3,捷運萬芳醫院2分◆超值大套房◆可租補可貓★獨洗陽台,24.998296323278,121.558805765262,3,捷運萬芳醫院2分 超值大套房 可租補可貓 獨洗陽台,"['捷運萬芳', '醫院', '2', '分', ' ', '超值', '大', '套房', ' ', '可租補', '可貓', ' ', '獨洗陽台']",1,1
1,0,0,0,0,0,0,0,1,0,0,0,0,1,0,0,1,1,0,6.0,台北市文山區木柵路三段,15800,2,木柵路丨可租補丨質感裝潢丨機能好🌟Wei🌟,24.988895012341,121.5684061769,16,木柵路丨可租補丨質感裝潢丨機能好 Wei,"['木柵路', '丨', '可租補', '丨', '質感', '裝潢', '丨', '機能', '好', ' ', 'Wei']",1,0
1,0,0,0,0,0,0,0,1,0,0,0,0,1,0,0,0,1,0,15.0,台北市文山區興隆路三段36巷8弄,12500,3,近萬芳醫院捷運站、近中國科大,25.000182536382,121.555237877683,3,近萬芳醫院捷運站 近中國科大,"['近萬芳', '醫院', '捷運站', ' ', '近中國', '科大']",0,0
1,0,0,0,0,0,0,0,0,0,0,0,0,1,0,0,0,1,0,6.0,台北市文山區興隆路三段36巷8弄,8300,3,近萬芳醫院捷運站、近中國科大,25.000182536382,121.555237877683,3,近萬芳醫院捷運站 近中國科大,"['近萬芳', '醫院', '捷運站', ' ', '近中國', '科大']",0,0
0,0,0,0,0,0,0,0,1,0,0,0,0,0,0,0,0,1,0,8.0,台北市文山區試院路84巷,7800,1,⭐考試院綠景雅房⭐限男性⭐景美捷運站⭐,24.98995281057,121.548283557197,18,考試院綠景雅房 限男性 景美捷運站,"['考試院', '綠景雅房', ' ', '限', '男性', ' ', '景美', '捷運站']",0,0
0,0,0,0,0,0,0,0,1,0,0,0,0,0,0,0,0,1,0,10.0,台北市文山區試院路84巷,11000,2,⭐景美捷運站⭐世新大學旁綠景套房⭐限男性⭐,24.98995281057,121.548283557197,18,景美捷運站 世新大學旁綠景套房 限男性,"['景美', '捷運站', ' ', '世新大學', '旁綠景', '套房', ' ', '限', '男性']",0,0
0,0,0,0,0,0,0,0,1,0,0,0,0,0,0,0,0,1,0,8.0,台北市文山區試院路84巷,7800,1,⭐世新大學旁靜巷雅房⭐景美捷運⭐限男性⭐,24.98995281057,121.548283557197,18,世新大學旁靜巷雅房 景美捷運 限男性,"['世新大學', '旁靜巷', '雅房', ' ', '景美', '捷運', ' ', '限', '男性']",0,0
1,0,0,1,0,0,0,0,0,1,0,0,0,0,0,0,0,1,0,6.0,台北市文山區木柵路一段58巷,15000,3,世新大學◆採光套房◆可租補可貓★包水電,24.98641428344,121.547584217263,0,世新大學 採光套房 可租補可貓 包水電,"['世新大學', ' ', '採光', '套房', ' ', '可租補', '可貓', ' ', '包水電']",1,0
1,0,0,0,0,0,0,0,0,0,0,0,0,1,0,0,1,0,0,3.0,台北市文山區辛亥路五段73巷,11995,3,近萬芳醫院◆超值套房◆垃圾代收獨立陽台★機車位,24.99823295045,121.553220599313,7,近萬芳醫院 超值套房 垃圾代收獨立陽台 機車位,"['近萬芳', '醫院', ' ', '超值', '套房', ' ', '垃圾', '代收', '獨立陽台', ' ', '機車位']",0,1
1,0,0,0,0,0,0,0,0,0,0,0,0,0,0,0,1,1,0,7.0,台北市文山區景福街,13495,4,捷運萬隆3分◆1房1廳◆獨洗流理台★可租補,24.9977920247,121.53669194,11,捷運萬隆3分 1房1廳 獨洗流理台 可租補,"['捷運萬隆', '3', '分', ' ', '1', '房', '1', '廳', ' ', '獨', '洗流', '理台', ' ', '可租補']",1,0
1,0,0,1,0,0,0,0,0,0,0,0,0,0,0,0,0,1,0,8.0,台北市文山區興隆路三段112巷2弄,12499,3,捷運萬芳醫院2分◆女性套房◆大面採光★垃圾代收,24.998296323278,121.558805765262,3,捷運萬芳醫院2分 女性套房 大面採光 垃圾代收,"['捷運萬芳', '醫院', '2', '分', ' ', '女性', '套房', ' ', '大面', '採光', ' ', '垃圾', '代收']",0,0
0,0,0,1,0,0,0,0,1,0,0,1,0,0,0,0,0,0,0,27.0,台北市文山區景隆街19巷,14995,4,捷運萬隆3分◆1房1廳◆採光大空間★雙陽台,25.000336396042,121.541068289215,2,捷運萬隆3分 1房1廳 採光大空間 雙陽台,"['捷運萬隆', '3', '分', ' ', '1', '房', '1', '廳', ' ', '採', '光大', '空間', ' ', '雙陽台']",0,1
1,0,0,0,0,0,0,0,0,0,0,1,0,0,0,0,0,1,0,8.0,台北市文山區興隆路二段220巷55弄,15500,3,萬芳醫院🚇興隆公園｜中國科大🔥頂加大空間｜可寵物🦮,24.999600063493,121.551623031085,7,萬芳醫院 興隆公園 中國科大 頂加大空間 可寵物,"['萬芳', '醫院', ' ', '興隆', '公園', ' ', '中國', '科大', ' ', '頂', '加大', '空間', ' ', '可寵物']",0,0
0,0,0,0,0,0,0,0,1,0,0,0,0,0,0,0,1,1,0,5.0,台北市文山區興德路62巷,9000,3,文山雙捷運♥️辛亥與萬芳♥️採光好♥️溫馨套房,25.001974868612,121.557135909468,3,文山雙捷運 辛亥與萬芳 採光好 溫馨套房,"['文山', '雙捷運', ' ', '辛亥', '與', '萬芳', ' ', '採光', '好', ' ', '溫馨', '套房']",0,0
1,0,0,0,0,0,0,0,1,1,0,0,0,0,0,0,0,1,0,8.5,台北市文山區辛亥路四段222巷,12500,3,可貓♥️捷運辛亥♥️ㄧ房一廳♥️中國科大♥️採光佳,25.002299877285,121.555336663469,3,可貓 捷運辛亥 房一廳 中國科大 採光佳,"['可貓', ' ', '捷運', '辛亥', ' ', '房一廳', ' ', '中國', '科大', ' ', '採光佳']",0,0
1,0,0,0,0,0,0,0,1,0,0,0,0,1,0,0,0,1,0,6.0,台北市文山區木柵路一段58巷,13000,3,租補♥️世新大學♥️溫馨採光套房♥️垃圾代收,24.98641428344,121.547584217263,0,租補 世新大學 溫馨採光套房 垃圾代收,"['租補', ' ', '世新大學', ' ', '溫馨', '採光', '套房', ' ', '垃圾', '代收']",1,0
1,0,0,0,0,0,0,0,1,1,0,0,0,0,0,0,0,1,0,8.5,台北市文山區辛亥路四段222巷,12500,4,可貓♥️捷運辛亥♥️ㄧ房一廳♥️中國科大♥️採光佳,25.002299877285,121.555336663469,3,可貓 捷運辛亥 房一廳 中國科大 採光佳,"['可貓', ' ', '捷運', '辛亥', ' ', '房一廳', ' ', '中國', '科大', ' ', '採光佳']",0,0
1,0,0,1,0,0,0,0,1,0,0,0,0,0,0,0,0,1,0,5.0,台北市文山區興隆路四段109巷92弄,9500,3,木柵❣️限女便宜小套房/免爬高傢俱齊全/採光通風機能佳,24.986828926188,121.563898032578,8,木柵 限女便宜小套房 免爬高傢俱齊全 採光通風機能佳,"['木柵', ' ', '限女', '便宜', '小', '套房', ' ', '免', '爬高', '傢', '俱', '齊全', ' ', '採', '光通', '風機', '能佳']",0,0
1,0,0,0,0,0,0,0,0,0,0,1,0,0,1,0,0,1,0,15.4,台北市文山區仙岩路,20000,3,景美❣️大空間獨洗陽台/免爬高傢俱齊全/採光通風乾濕分離,24.999616603943,121.54957499293,13,景美 大空間獨洗陽台 免爬高傢俱齊全 採光通風乾濕分離,"['景美', ' ', '大空間', '獨', '洗陽台', ' ', '免', '爬高', '傢', '俱', '齊全', ' ', '採', '光通', '風乾濕', '分離']",0,1
1,0,0,0,0,0,0,0,1,0,0,0,0,0,0,0,0,1,0,4.0,台北市文山區辛亥路五段73巷7弄,12000,3,萬芳醫院🚝新裝潢✔️垃圾代收🤩衛浴開窗❤️變頻冷氣,24.997809894197,121.553459622609,7,萬芳醫院 新裝潢 垃圾代收 衛浴開窗 變頻冷氣,"['萬芳', '醫院', ' ', '新裝潢', ' ', '垃圾', '代收', ' ', '衛浴', '開窗', ' ', '變頻', '冷氣']",0,0
0,0,0,0,0,0,0,0,1,0,0,1,0,0,0,0,0,1,0,18.0,台北市文山區萬慶街23巷,15999,3,景美🚝台電⚡️傢俱可談✔️近捷生活機能強,24.992628614496,121.539410910779,15,景美 台電 傢俱可談 近捷生活機能強,"['景美', ' ', '台電', ' ', '傢', '俱', '可談', ' ', '近捷', '生活', '機能強']",0,0
0,0,0,0,0,0,0,0,1,0,0,0,1,0,1,0,0,1,0,9.6,台北市文山區仙岩路,20000,3,景美🏠格局方正寬敞採光通風/獨立陽台🔥有飲水機,24.999616603943,121.54957499293,13,景美 格局方正寬敞採光通風 獨立陽台 有飲水機,"['景美', ' ', '格局', '方正', '寬', '敞採', '光通', '風', ' ', '獨立陽台', ' ', '有', '飲水機']",0,1
1,0,0,0,0,0,0,0,1,0,0,0,0,0,0,0,0,1,0,5.0,台北市文山區興隆路三段112巷2弄,13000,3,萬芳醫院🚝免爬高✔️開窗採光❤️衛浴抽風✅生活機能好,24.998296323278,121.558805765262,3,萬芳醫院 免爬高 開窗採光 衛浴抽風 生活機能好,"['萬芳', '醫院', ' ', '免', '爬高', ' ', '開窗', '採光', ' ', '衛浴', '抽風', ' ', '生活', '機能', '好']",0,0
1,0,0,0,0,0,0,0,1,0,0,0,0,0,0,0,0,1,0,6.0,台北市文山區景興路,12499,3,景美❣️裝潢新大空間/格局方正採光通風/傢俱齊全機能佳,24.992261135246,121.544043023281,5,景美 裝潢新大空間 格局方正採光通風 傢俱齊全機能佳,"['景美', ' ', '裝潢', '新大空間', ' ', '格局', '方正', '採', '光通', '風', ' ', '傢', '俱齊', '全機', '能佳']",0,0
1,0,0,0,0,0,0,0,1,0,0,0,0,1,0,0,0,1,0,5.0,台北市文山區辛亥路五段73巷7弄,12000,3,萬芳醫院❣️限女生裝潢新/獨立陽台免爬高/垃圾代收格局方正,24.997809894197,121.553459622609,7,萬芳醫院 限女生裝潢新 獨立陽台免爬高 垃圾代收格局方正,"['萬芳', '醫院', ' ', '限', '女生', '裝潢', '新', ' ', '獨立陽', '台免', '爬高', ' ', '垃圾', '代收', '格局', '方正']",0,1
0,0,0,0,0,0,0,0,0,0,0,0,0,0,0,0,0,1,0,4.0,台北市文山區三福街4巷,7500,1,景美捷運雅房/有專人清潔環境,24.996031544409,121.542609939698,5,景美捷運雅房 有專人清潔環境,"['景美', '捷運雅房', ' ', '有', '專人', '清潔', '環境']",0,0
0,0,0,1,0,0,0,0,1,0,0,1,0,0,0,0,0,1,0,21.0,台北市文山區忠順街一段26巷13弄,16995,4,🔥七張站✦間間採光大2房✦獨立陽台✦變頻冷氣✦廁所開窗,24.982803010057,121.55962852013,4,七張站 間間採光大2房 獨立陽台 變頻冷氣 廁所開窗,"['七張', '站', ' ', '間間採', '光大', '2', '房', ' ', '獨立陽台', ' ', '變頻', '冷氣', ' ', '廁所', '開窗']",0,1
1,0,0,0,0,0,0,0,1,0,0,1,0,0,0,0,1,1,0,11.0,台北市文山區興隆路四段145巷23弄,12999,3,秒殺🔥近萬芳醫院站✦租屋補助✦電梯精緻套房✦免爬樓✦,24.985242879443,121.562800567733,8,秒殺 近萬芳醫院站 租屋補助 電梯精緻套房 免爬樓,"['秒', '殺', ' ', '近萬芳', '醫院', '站', ' ', '租屋', '補助', ' ', '電梯', '精', '緻', '套房', ' ', '免爬樓']",1,0
1,0,0,0,0,0,0,0,1,0,0,1,0,0,0,0,0,1,0,15.0,台北市文山區萬慶街23巷,15998,3,秒殺🔥近景美站✦採光大套房✦木質地板✦獨洗獨陽台✦變頻冷氣,24.992628614496,121.539410910779,15,秒殺 近景美站 採光大套房 木質地板 獨洗獨陽台 變頻冷氣,"['秒', '殺', ' ', '近景', '美站', ' ', '採', '光大', '套房', ' ', '木質', '地板', ' ', '獨洗', '獨陽台', ' ', '變頻', '冷氣']",0,1
1,0,0,0,0,0,0,0,0,0,0,0,0,0,0,0,0,1,0,8.0,台北市文山區興隆路三段36巷9弄,11799,3,🔥3分鐘萬芳醫院站✦採光大空間✦獨立陽台洗衣機✦變頻冷氣,25.000881471206,121.554885395595,3,3分鐘萬芳醫院站 採光大空間 獨立陽台洗衣機 變頻冷氣,"['3', '分鐘', '萬芳', '醫院', '站', ' ', '採', '光大', '空間', ' ', '獨立陽台', '洗衣', '機', ' ', '變頻', '冷氣']",0,1
1,0,0,0,0,0,0,1,0,0,0,0,0,0,0,0,0,1,0,8.0,台北市文山區興隆路三段221巷4弄10號,7500,1,全新雅房出租近文山運動中心（萬芳捷運站）,24.993882037231,121.560221315157,10,全新雅房出租近文山運動中心 萬芳捷運站,"['全新', '雅', '房出租', '近', '文山', '運動', '中心', ' ', '萬芳捷', '運站']",0,0
1,0,0,0,0,0,0,0,0,0,0,0,1,0,0,0,0,1,0,5.0,台北市文山區萬寧街,9500,3,萬芳社區溫馨美套房！,25.003480086633,121.569267095506,1,萬芳社區溫馨美套房,"['萬芳', '社區', '溫馨', '美', '套房']",0,0
1,0,0,0,0,0,0,0,0,0,0,1,0,1,0,0,0,1,0,5.0,台北市文山區萬寧街,7500,3,萬芳社區近捷運站公園景觀美套房,25.003480086633,121.569267095506,1,萬芳社區近捷運站公園景觀美套房,"['萬芳', '社區', '近捷', '運站', '公園', '景觀', '美', '套房']",0,0
1,0,0,0,0,0,0,0,1,0,0,1,0,0,0,0,0,1,0,5.0,台北市文山區新光路一段,9980,3,動物園/政大★小資首選★可寵★採光佳★乾濕分離★磚牆,24.990791070895,121.573696534917,6,動物園 政大 小資首選 可寵 採光佳 乾濕分離 磚牆,"['動物園', ' ', '政', '大', ' ', '小資', '首選', ' ', '可寵', ' ', '採光佳', ' ', '乾濕', '分離', ' ', '磚牆']",0,0
1,0,0,0,0,0,0,0,1,0,0,0,0,1,0,0,0,1,0,10.0,台北市文山區景興路96巷,18499,3,景美站、女性專屬、獨洗曬、一層兩戶、免爬梯、新裝潢,24.9946810306,121.543417142824,5,景美站 女性專屬 獨洗曬 一層兩戶 免爬梯 新裝潢,"['景美', '站', ' ', '女性', '專屬', ' ', '獨洗', '曬', ' ', '一層', '兩戶', ' ', '免', '爬梯', ' ', '新裝潢']",0,0
1,0,0,0,0,0,0,0,1,0,0,0,0,1,0,0,0,1,0,8.0,台北市文山區興隆路三段112巷2弄,11999,3,萬芳醫院站2分、獨立陽台、獨立洗衣、女性專屬、免爬高、採光佳,24.998296323278,121.558805765262,3,萬芳醫院站2分 獨立陽台 獨立洗衣 女性專屬 免爬高 採光佳,"['萬芳', '醫院', '站', '2', '分', ' ', '獨立陽台', ' ', '獨立', '洗衣', ' ', '女性', '專屬', ' ', '免', '爬高', ' ', '採光佳']",0,1
1,0,0,0,0,0,0,0,1,0,0,0,0,0,0,0,0,1,0,8.0,台北市文山區景興路,11997,3,景美/萬隆站、獨曬、變頻冷氣、採光佳、水泥牆、生活機能好,24.992261135246,121.544043023281,5,景美 萬隆站 獨曬 變頻冷氣 採光佳 水泥牆 生活機能好,"['景美', ' ', '萬隆', '站', ' ', '獨曬', ' ', '變頻', '冷氣', ' ', '採光佳', ' ', '水泥', '牆', ' ', '生活', '機能', '好']",0,0
1,0,0,0,0,0,0,0,1,0,0,0,0,0,0,0,1,1,0,10.0,台北市文山區景福街,13490,3,萬隆/景美站、可租補、一房一廳、獨立洗曬、免爬梯、變頻冷氣,24.9977920247,121.53669194,11,萬隆 景美站 可租補 一房一廳 獨立洗曬 免爬梯 變頻冷氣,"['萬隆', ' ', '景美', '站', ' ', '可租補', ' ', '一房', '一廳', ' ', '獨立', '洗', '曬', ' ', '免', '爬梯', ' ', '變頻', '冷氣']",1,0
1,0,0,0,0,0,0,0,0,0,0,0,0,0,0,0,0,1,0,5.0,台北市文山區羅斯福路五段212巷,12000,2,萬隆精緻套房,25.002855682409,121.53785497607,14,萬隆精緻套房,"['萬隆', '精', '緻', '套房']",0,0
1,0,0,0,0,0,0,0,1,0,0,1,0,0,0,0,0,1,0,6.0,台北市文山區興隆路三段192巷3號,11000,3,沃盛睿達🏠捷運萬芳醫院｜中國科大｜採光佳｜包水網路第四臺,24.997993092059,121.558827522992,3,沃盛睿達 捷運萬芳醫院 中國科大 採光佳 包水網路第四臺,"['沃盛', '睿', '達', ' ', '捷運萬芳', '醫院', ' ', '中國', '科大', ' ', '採光佳', ' ', '包水', '網路', '第四', '臺']",0,0
1,0,0,0,0,0,0,0,1,0,0,0,0,0,0,0,0,1,0,5.0,台北市文山區景華街192巷5號,13000,3,靜心小旁套房(包水電網路),24.998066073748,121.548093790909,13,靜心小旁套房 包水電網路,"['靜心', '小旁', '套房', ' ', '包水電', '網路']",0,0
0,0,0,0,0,1,0,0,0,0,0,1,0,0,0,0,0,1,0,25.0,台北市文山區興隆路四段109巷110號,15500,4,明道國小旁便宜2房(戶籍ok),24.986796730657,121.564234905673,8,明道國小旁便宜2房 戶籍ok,"['明道', '國小旁', '便宜', '2', '房', ' ', '戶籍', 'ok']",0,0
1,0,0,0,0,0,0,0,0,0,0,0,0,0,0,0,0,0,0,4.0,台北市文山區興隆路三段112巷2弄34號,12500,2,萬芳捷運套房限女,24.999652642291,121.556195989976,3,萬芳捷運套房限女,"['萬芳', '捷運', '套房', '限女']",0,0
1,0,0,0,0,0,0,0,1,0,0,0,0,1,0,0,0,1,0,4.0,台北市文山區羅斯福路五段242號,12000,1,萬隆家庭式雅房(補助ok),25.001362969634,121.538997414307,2,萬隆家庭式雅房 補助ok,"['萬隆', '家庭式', '雅房', ' ', '補助', 'ok']",0,0
1,0,0,0,0,0,0,0,1,0,0,0,0,1,0,0,1,1,0,5.0,台北市文山區和興路52巷7弄,6000,1,稀有便宜雅房(補助),24.986383419012,121.546187410851,0,稀有便宜雅房 補助,"['稀有', '便宜', '雅房', ' ', '補助']",0,0
0,0,0,0,0,0,0,0,0,0,0,1,0,0,0,0,1,1,0,5.0,台北市文山區萬安街,12000,2,萬安街套房(補助ok)(限女),24.999990955777,121.57093336226,1,萬安街套房 補助ok 限女,"['萬安街', '套房', ' ', '補助', 'ok', ' ', '限女']",0,0
0,0,0,0,0,0,0,0,0,0,0,1,0,0,0,0,0,1,0,3.0,台北市文山區萬壽路62號,7500,2,政大稀有套房,24.986793838901,121.587387482444,9,政大稀有套房,"['政', '大', '稀有', '套房']",0,0
1,0,0,0,0,0,0,0,0,0,0,0,0,1,0,0,0,1,0,5.0,台北市文山區木新路三段111巷6弄15號,9000,2,木新路稀有套房,24.981306695261,121.55923028275,4,木新路稀有套房,"['木', '新路', '稀有', '套房']",0,0
1,0,0,0,0,0,0,0,1,1,0,0,0,0,0,0,0,1,0,10.0,台北市文山區木新路三段,16500,3,"近景美女中,可寵採光套房,家俱全",24.981306695261,121.55923028275,4,近景美女中 可寵採光套房 家俱全,"['近景', '美女', '中', ' ', '可寵', '採光', '套房', ' ', '家', '俱全']",0,0
1,0,0,0,0,0,0,0,1,0,0,0,0,0,1,0,0,1,0,5.0,台北市文山區景福街133巷,7900,1,獨家🔥C房🔥🉑租補🚇景美🛗電梯✨可貓🐱,24.995989393061,121.53597839893,11,獨家 C房 租補 景美 電梯 可貓,"['獨家', ' ', 'C', '房', ' ', '租補', ' ', '景美', ' ', '電梯', ' ', '可貓']",1,0
0,0,0,0,0,0,0,0,0,1,0,0,0,0,0,0,0,1,1,4.0,台北市文山區木柵路三段85巷14弄13號,5000,1,優靜便利雅房,24.989862830839,121.566967825204,16,優靜便利雅房,"['優靜', '便利', '雅房']",0,0
1,0,0,1,0,0,0,0,1,0,0,0,0,0,1,0,0,1,0,5.0,台北市文山區興隆路四段145巷23弄,13800,3,🏠萬芳醫院🌟可租補🌟對外窗🌟包水網路第四台🌟除濕機,24.985242879443,121.562800567733,8,萬芳醫院 可租補 對外窗 包水網路第四台 除濕機,"['萬芳', '醫院', ' ', '可租補', ' ', '對外', '窗', ' ', '包水', '網路', '第四', '台', ' ', '除濕機']",1,0
1,0,0,0,0,0,0,0,0,0,0,0,0,0,0,0,0,1,0,6.0,台北市文山區興隆路三段192巷8弄,11000,3,沃盛睿達🏠萬芳醫院4分鐘/近中國科大採光佳/含水網路第四臺,24.997803461111,121.557570412924,3,沃盛睿達 萬芳醫院4分鐘 近中國科大採光佳 含水網路第四臺,"['沃盛', '睿', '達', ' ', '萬芳', '醫院', '4', '分鐘', ' ', '近中國', '科大', '採光佳', ' ', '含水', '網路', '第四', '臺']",0,0
0,0,0,0,0,0,0,0,1,0,0,1,0,0,0,0,0,1,0,4.0,台北市文山區羅斯福路五段242號,12000,1,萬隆捷運站1分鐘★可租補,25.001362969634,121.538997414307,2,萬隆捷運站1分鐘 可租補,"['萬隆捷', '運站', '1', '分鐘', ' ', '可租補']",1,0
0,0,0,0,0,0,0,0,1,0,0,1,0,1,1,0,0,1,0,8.0,台北市文山區仙岩路,20000,3,景美🏠電梯飯店式管理👍乾濕分離流理台飲水機💦,24.999616603943,121.54957499293,13,景美 電梯飯店式管理 乾濕分離流理台飲水機,"['景美', ' ', '電梯', '飯', '店式', '管理', ' ', '乾濕', '分離', '流理台', '飲水機']",0,0
1,0,0,0,0,0,0,0,0,0,0,1,0,0,0,0,0,1,0,6.0,台北市文山區景興路96巷,19500,3,景美🏠免爬梯👍台水電❤️變頻冷氣✅陽台獨洗曬💦近捷機能,24.9946810306,121.543417142824,5,景美 免爬梯 台水電 變頻冷氣 陽台獨洗曬 近捷機能,"['景美', ' ', '免', '爬梯', ' ', '台水電', ' ', '變頻', '冷氣', ' ', '陽台', '獨洗', '曬', ' ', '近捷', '機能']",0,1
1,0,0,0,0,0,0,0,1,0,0,0,0,0,0,0,0,1,0,5.0,台北市文山區興隆路三段112巷2弄,13000,3,萬芳醫院🏠免爬高👍可獨曬💦採光通風✨近捷機能佳,24.998296323278,121.558805765262,3,萬芳醫院 免爬高 可獨曬 採光通風 近捷機能佳,"['萬芳', '醫院', ' ', '免', '爬高', ' ', '可獨', '曬', ' ', '採', '光通', '風', ' ', '近捷', '機能', '佳']",0,0
1,0,0,0,0,0,0,0,0,0,0,1,0,0,0,0,0,1,0,4.0,台北市文山區辛亥路五段73巷7弄,12000,3,萬芳🏥包裹代收‼️全新裝潢✨免爬高✨生活機能佳✨變頻冷氣,24.997809894197,121.553459622609,7,萬芳 包裹代收 全新裝潢 免爬高 生活機能佳 變頻冷氣,"['萬芳', ' ', '包裹', '代收', ' ', '全新', '裝潢', ' ', '免', '爬高', ' ', '生活', '機能', '佳', ' ', '變頻', '冷氣']",0,0
1,0,0,1,0,0,0,0,1,0,0,1,0,0,0,0,0,1,0,15.0,台北市文山區仙岩路6巷,12000,4,景美🏠台電包水❤️免爬高👍2層樓大空間✅雙陽台生活機能佳,24.997858270547,121.548366523761,13,景美 台電包水 免爬高 2層樓大空間 雙陽台生活機能佳,"['景美', ' ', '台電', '包水', ' ', '免', '爬高', ' ', '2', '層樓', '大空間', ' ', '雙陽台', '生活', '機能', '佳']",0,1
1,0,0,0,0,0,0,0,1,0,0,0,0,0,0,0,0,1,0,5.0,台北市文山區興隆路三段112巷2弄,13000,3,萬芳🚄免爬高獨曬🌟包水網路第四🛜採光通風佳🥳機能好,24.998296323278,121.558805765262,3,萬芳 免爬高獨曬 包水網路第四 採光通風佳 機能好,"['萬芳', ' ', '免', '爬高', '獨曬', ' ', '包水', '網路', '第四', ' ', '採', '光通', '風佳', ' ', '機能', '好']",0,0
1,0,0,0,0,0,0,0,1,0,0,0,1,1,1,0,0,1,0,9.0,台北市文山區仙岩路,19999,3,景美🌟獨立陽台🌟衛浴抽風/烘衣機/流理台/可開伙/包網,24.999616603943,121.54957499293,13,景美 獨立陽台 衛浴抽風 烘衣機 流理台 可開伙 包網,"['景美', ' ', '獨立陽台', ' ', '衛浴', '抽風', ' ', '烘衣機', ' ', '流理台', ' ', '可開伙', ' ', '包網']",0,1
1,0,0,1,0,0,0,0,1,0,0,1,0,0,0,0,0,1,0,15.0,台北市文山區仙岩路6巷,12000,3,景美萬芳🚄免爬高1+1大空間🌟便宜首選台電⚡️近超商,24.997858270547,121.548366523761,13,景美萬芳 免爬高1 1大空間 便宜首選台電 近超商,"['景美', '萬芳', ' ', '免', '爬高', '1', ' ', '1', '大空間', ' ', '便宜', '首選', '台電', ' ', '近超商']",0,0
1,0,0,0,0,0,0,0,1,0,0,0,0,0,0,0,0,1,0,4.0,台北市文山區辛亥路五段76巷7弄,12000,3,中國科技大學🚄包裹垃圾代收✅免爬高首批入住🥳水泥隔間🌟,24.999005601275,121.553485450127,7,中國科技大學 包裹垃圾代收 免爬高首批入住 水泥隔間,"['中國', '科技', '大學', ' ', '包裹', '垃圾', '代收', ' ', '免', '爬高', '首批', '入住', ' ', '水泥', '隔間']",0,0
1,0,0,0,0,0,0,0,0,0,0,1,0,0,0,0,0,1,0,6.0,台北市文山區景興路96巷,19500,3,景美🚄免爬高獨洗曬✅台水電變頻冷氣🌟裝潢新包網路第四台,24.9946810306,121.543417142824,5,景美 免爬高獨洗曬 台水電變頻冷氣 裝潢新包網路第四台,"['景美', ' ', '免', '爬高', '獨洗', '曬', ' ', '台水', '電變', '頻冷氣', ' ', '裝潢', '新包', '網路', '第四', '台']",0,0
1,0,0,0,0,0,0,1,1,0,0,0,0,0,0,0,0,1,0,4.0,台北市文山區辛亥路六段,5600,1,近世新大學優質雅房、套房，乾淨舒適,24.991877634194,121.551407155658,18,近世新大學優質雅房 套房 乾淨舒適,"['近世', '新大學', '優質', '雅房', ' ', '套房', ' ', '乾淨', '舒適']",0,0
1,0,0,0,0,0,0,0,0,0,0,0,0,0,0,0,0,1,0,6.0,台北市文山區萬隆街19巷2弄,8000,2,近羅斯福路萬隆捷運分離式冷氣套房自租,25.000537352171,121.539206123696,2,近羅斯福路萬隆捷運分離式冷氣套房自租,"['近羅斯福路', '萬隆捷', '運分', '離式', '冷氣', '套房', '自租']",0,0
0,0,0,0,0,0,0,0,0,0,0,0,0,1,0,0,0,1,0,10.0,台北市文山區景興路275巷,7550,1,世新政大师師範學生請勿仲介自備家電,24.990086944832,121.543084597934,15,世新政大师師範學生請勿仲介自備家電,"['世', '新政', '大师', '師範學生', '請', '勿', '仲介', '自備', '家電']",0,0
1,0,0,0,0,0,0,0,0,0,0,0,0,1,1,0,0,1,0,6.0,台北市文山區汀州路四段,12500,2,近台大、台科大、師大分部,25.007362204699,121.537155999252,14,近台大 台科大 師大分部,"['近', '台大', ' ', '台', '科大', ' ', '師大', '分部']",0,0
1,0,0,0,0,0,0,0,1,1,0,0,0,0,0,0,0,1,0,8.0,台北市文山區興隆路二段220巷55弄,15500,3,萊恩/💎可寵/我是頂加5樓/精美家具/打造自己的小窩,24.999600063493,121.551623031085,7,萊恩 可寵 我是頂加5樓 精美家具 打造自己的小窩,"['萊恩', ' ', '可寵', ' ', '我', '是', '頂加', '5', '樓', ' ', '精美', '家具', ' ', '打造', '自己', '的', '小窩']",0,0
1,0,0,0,0,0,0,0,1,0,0,1,0,0,0,0,0,1,0,12.0,台北市文山區興隆路三段192巷8弄26號,16500,3,交通便利文山區最優質套房在這裡,24.997888084034,121.557723088915,3,交通便利文山區最優質套房在這裡,"['交通', '便利', '文山', '區最', '優質', '套房', '在', '這裡']",0,0
1,0,0,0,0,0,0,1,0,0,0,1,0,0,0,0,0,1,0,4.0,台北市文山區景華街128巷3弄,5000,1,景華街雅房(近世新台大台科),24.995724336013,121.54764484517,13,景華街雅房 近世新台大台科,"['景華街', '雅房', ' ', '近世', '新', '台大', '台科']",0,0
1,0,0,0,0,0,0,0,1,0,0,0,0,1,0,0,0,1,0,5.0,台北市文山區和興路44巷1弄,7000,1,★獨立陽台★世新大學★台水電計費★超大露台★,24.984641198527,121.547359536191,0,獨立陽台 世新大學 台水電計費 超大露台,"['獨立陽台', ' ', '世新大學', ' ', '台水', '電計費', ' ', '超大', '露台']",0,1
0,0,0,0,0,0,0,0,1,1,0,1,0,0,0,0,0,0,0,5.0,台北市文山區景福街159號,10000,3,@近景美站@交通便利@生活機能家,24.995359557213,121.536740083963,11,近景美站 交通便利 生活機能家,"['近景', '美站', ' ', '交通', '便利', ' ', '生活', '機能家']",0,0
0,0,0,0,0,0,0,0,0,0,0,0,0,0,0,0,0,1,0,5.0,台北市文山區木柵路一段,7200,3,世新大學【超值租案】垃圾代收★女性專屬★景美商圈,24.986870628629,121.546508825123,0,世新大學 超值租案 垃圾代收 女性專屬 景美商圈,"['世新大學', ' ', '超值', '租案', ' ', '垃圾', '代收', ' ', '女性', '專屬', ' ', '景美', '商圈']",0,0
1,0,0,0,0,0,0,0,1,0,0,0,0,0,0,0,1,1,0,2.9,台北市文山區羅斯福路五段218巷,9800,1,樂宅｜NO.086文山羅斯福路｜全新萬隆站X5樓可租補,25.002073988355,121.53903601044,2,樂宅 NO 086文山羅斯福路 全新萬隆站X5樓可租補,"['樂宅', ' ', 'NO', ' ', '086', '文山', '羅', '斯福路', ' ', '全新', '萬隆', '站', 'X5', '樓', '可租補']",1,0
1,0,0,0,0,0,0,0,1,0,0,0,0,0,0,0,1,1,0,3.4,台北市文山區汀州路四段140巷2弄,12800,1,樂宅｜NO.067文山汀州路｜萬隆站X可租補,25.0051366963,121.53540614286,14,樂宅 NO 067文山汀州路 萬隆站X可租補,"['樂宅', ' ', 'NO', ' ', '067', '文山', '汀州', '路', ' ', '萬隆', '站', 'X', '可租補']",1,0
1,0,0,0,0,0,0,0,0,0,0,0,0,0,0,0,0,1,0,4.0,台北市文山區辛亥路六段96號,9500,2,"木柵辛亥路口,近考試院、世新大學",24.988478769077,121.552173095547,0,木柵辛亥路口 近考試院 世新大學,"['木柵', '辛亥', '路口', ' ', '近考', '試院', ' ', '世新大學']",0,0
1,0,0,1,0,0,0,0,0,0,0,0,0,0,0,0,0,1,0,6.0,台北市文山區興隆路三段,12300,3,可以租補｜海巡署正對面溫馨套房,24.995135557669,121.559747711824,10,可以租補 海巡署正對面溫馨套房,"['可以', '租補', ' ', '海巡', '署正', '對面', '溫馨', '套房']",1,0
1,0,0,0,0,0,0,0,1,0,0,1,0,0,1,0,0,1,0,11.5,台北市文山區指南路二段,18600,3,東昇社宅/政大豐匯/採光陽台套房/可租補,24.986999971207,121.578479444041,9,東昇社宅 政大豐匯 採光陽台套房 可租補,"['東', '昇', '社宅', ' ', '政大', '豐匯', ' ', '採光陽台', '套房', ' ', '可租補']",1,1
1,0,1,0,0,0,0,0,0,0,0,0,0,0,0,0,0,0,0,5.0,台北市文山區木新路二段,8700,3,免佣）政大首選【超值租案】飲水機★獨立衛浴★木新商圈,24.984498757334,121.56997521775,16,免佣 政大首選 超值租案 飲水機 獨立衛浴 木新商圈,"['免佣', ' ', '政大首', '選', ' ', '超值', '租案', ' ', '飲水機', ' ', '獨立', '衛浴', ' ', '木新', '商圈']",0,0
0,0,1,0,0,0,0,0,0,0,0,0,0,0,0,0,0,0,0,7.0,台北市文山區興隆路一段,11100,1,免佣）捷運萬隆站【優質雅房】可補助★採光優★低樓層,25.004269661114,121.539133954494,14,免佣 捷運萬隆站 優質雅房 可補助 採光優 低樓層,"['免佣', ' ', '捷運萬隆', '站', ' ', '優質', '雅房', ' ', '可補助', ' ', '採光優', ' ', '低樓', '層']",0,0
1,0,1,0,0,0,0,0,0,0,0,0,0,1,0,0,0,0,0,5.0,台北市文山區興隆路三段,9999,3,免佣）近捷運萬芳醫院【超值租案】有陽台★洗衣機★獨立衛浴,24.995135557669,121.559747711824,10,免佣 近捷運萬芳醫院 超值租案 有陽台 洗衣機 獨立衛浴,"['免佣', ' ', '近捷', '運萬芳', '醫院', ' ', '超值', '租案', ' ', '有陽台', ' ', '洗衣', '機', ' ', '獨立', '衛浴']",0,1
0,0,1,0,0,0,0,0,0,0,0,0,0,0,0,0,0,1,0,29.0,台北市文山區興隆路一段,16500,4,免佣）捷運萬隆站【超值3房】有陽台★採光優★附傢俱,25.004269661114,121.539133954494,14,免佣 捷運萬隆站 超值3房 有陽台 採光優 附傢俱,"['免佣', ' ', '捷運萬隆', '站', ' ', '超值', '3', '房', ' ', '有陽台', ' ', '採光優', ' ', '附', '傢', '俱']",0,1
1,0,1,0,0,0,0,0,0,0,0,0,0,0,0,0,0,1,0,21.0,台北市文山區興隆路三段,18000,4,近捷運萬芳醫院【超值2房1廳】附傢俱★有陽台★獨洗衣機,24.995135557669,121.559747711824,10,近捷運萬芳醫院 超值2房1廳 附傢俱 有陽台 獨洗衣機,"['近捷', '運萬芳', '醫院', ' ', '超值', '2', '房', '1', '廳', ' ', '附', '傢', '俱', ' ', '有陽台', ' ', '獨', '洗衣', '機']",0,1
0,0,1,0,0,0,0,0,0,0,0,0,0,0,0,0,1,0,0,6.0,台北市文山區興隆路一段,10999,3,免佣）捷運萬隆站【超值租案】可補助★獨立衛浴★文山公園,25.004269661114,121.539133954494,14,免佣 捷運萬隆站 超值租案 可補助 獨立衛浴 文山公園,"['免佣', ' ', '捷運萬隆', '站', ' ', '超值', '租案', ' ', '可補助', ' ', '獨立', '衛浴', ' ', '文山', '公園']",0,0
0,0,1,0,0,0,0,0,0,0,0,0,0,0,0,0,0,0,0,5.0,台北市文山區羅斯福路五段,8999,3,免佣）捷運萬隆站3分【超值租案】雙面採光★獨立衛浴★小資首選,25.005255054602,121.5388267536,14,免佣 捷運萬隆站3分 超值租案 雙面採光 獨立衛浴 小資首選,"['免佣', ' ', '捷運萬隆', '站', '3', '分', ' ', '超值', '租案', ' ', '雙面', '採光', ' ', '獨立', '衛浴', ' ', '小資', '首選']",0,0
1,0,1,0,0,0,0,0,0,0,0,0,0,1,0,0,0,1,0,5.0,台北市文山區興隆路三段,9000,3,免佣）近捷運萬芳醫院【秒殺租案】有陽台★獨洗衣機★小資首選,24.995135557669,121.559747711824,10,免佣 近捷運萬芳醫院 秒殺租案 有陽台 獨洗衣機 小資首選,"['免佣', ' ', '近捷', '運萬芳', '醫院', ' ', '秒', '殺', '租案', ' ', '有陽台', ' ', '獨', '洗衣', '機', ' ', '小資', '首選']",0,1
0,0,1,0,0,0,0,0,0,0,0,0,0,0,0,0,0,1,0,8.0,台北市文山區興隆路二段,12000,3,免佣）近捷運萬芳醫院【超值租案】採光優★獨立衛浴★小資首選,25.000737057098,121.549415571791,13,免佣 近捷運萬芳醫院 超值租案 採光優 獨立衛浴 小資首選,"['免佣', ' ', '近捷', '運萬芳', '醫院', ' ', '超值', '租案', ' ', '採光優', ' ', '獨立', '衛浴', ' ', '小資', '首選']",0,0
0,0,1,0,0,0,0,0,0,0,0,0,0,0,0,0,0,0,0,6.0,台北市文山區興隆路四段,9000,3,免佣）木柵公園【超值租案】限女性★採光優★獨立衛浴,24.986699812759,121.560933705504,8,免佣 木柵公園 超值租案 限女性 採光優 獨立衛浴,"['免佣', ' ', '木柵公園', ' ', '超值', '租案', ' ', '限', '女性', ' ', '採光優', ' ', '獨立', '衛浴']",0,0
0,0,1,0,0,0,0,0,0,0,0,0,0,0,0,0,0,0,0,5.0,台北市文山區興隆路三段,8999,3,免佣）捷運萬芳醫院站3分【超值租案】可補助★獨立衛浴,24.995135557669,121.559747711824,10,免佣 捷運萬芳醫院站3分 超值租案 可補助 獨立衛浴,"['免佣', ' ', '捷運萬芳', '醫院', '站', '3', '分', ' ', '超值', '租案', ' ', '可補助', ' ', '獨立', '衛浴']",0,0
0,0,1,0,0,0,0,0,0,0,0,0,0,0,0,0,0,0,0,5.0,台北市文山區興隆路三段,7999,3,免佣）捷運萬芳醫院站【超值租案】限女性★免爬梯★對外窗,24.995135557669,121.559747711824,10,免佣 捷運萬芳醫院站 超值租案 限女性 免爬梯 對外窗,"['免佣', ' ', '捷運萬芳', '醫院', '站', ' ', '超值', '租案', ' ', '限', '女性', ' ', '免', '爬梯', ' ', '對外', '窗']",0,0
1,0,1,0,0,0,0,0,0,1,0,1,0,0,0,0,0,0,0,6.0,台北市文山區萬芳路,20000,3,免佣）近捷運木柵【稀有租案】補助洽★養寵洽★流理台,24.998785145547,121.569291778065,1,免佣 近捷運木柵 稀有租案 補助洽 養寵洽 流理台,"['免佣', ' ', '近捷', '運木柵', ' ', '稀有', '租案', ' ', '補助洽', ' ', '養寵洽', ' ', '流理台']",0,0
1,0,1,0,0,0,0,0,0,0,0,0,0,0,1,0,0,0,0,5.0,台北市文山區興隆路四段,13799,3,免佣）明道國小【超值租案】可補助★獨洗衣機★女性專屬,24.986699812759,121.560933705504,8,免佣 明道國小 超值租案 可補助 獨洗衣機 女性專屬,"['免佣', ' ', '明道', '國小', ' ', '超值', '租案', ' ', '可補助', ' ', '獨', '洗衣', '機', ' ', '女性', '專屬']",0,0
0,0,1,0,0,0,0,0,0,0,0,1,0,0,0,0,0,0,0,5.0,台北市文山區景豐街,8499,3,免佣）景美運動公園【超值租案】獨洗衣機★免爬梯★對外窗,25.000249957777,121.54593908359,13,免佣 景美運動公園 超值租案 獨洗衣機 免爬梯 對外窗,"['免佣', ' ', '景美', '運動', '公園', ' ', '超值', '租案', ' ', '獨', '洗衣', '機', ' ', '免', '爬梯', ' ', '對外', '窗']",0,0
1,0,0,0,0,0,0,0,0,0,0,0,0,1,0,0,0,1,0,10.0,台北市文山區羅斯福路六段,14000,2,萬隆捷運附近3分鐘採光佳方正優質套房,24.994496793815,121.541112282616,5,萬隆捷運附近3分鐘採光佳方正優質套房,"['萬隆', '捷運', '附近', '3', '分鐘', '採光佳', '方正', '優質', '套房']",0,0
1,0,0,0,0,0,0,0,0,0,0,0,0,0,0,0,0,0,0,5.0,台北市文山區木新路二段,8700,3,政大首選【超值租案】飲水機★獨立衛浴★木新商圈,24.984498757334,121.56997521775,16,政大首選 超值租案 飲水機 獨立衛浴 木新商圈,"['政大首', '選', ' ', '超值', '租案', ' ', '飲水機', ' ', '獨立', '衛浴', ' ', '木新', '商圈']",0,0
1,0,0,0,0,0,0,0,0,0,0,0,0,0,0,0,0,1,0,7.0,台北市文山區興隆路三段,8500,1,近捷運萬芳醫院【超值雅房】女性專屬★多窗採光★大空間,24.995135557669,121.559747711824,10,近捷運萬芳醫院 超值雅房 女性專屬 多窗採光 大空間,"['近捷', '運萬芳', '醫院', ' ', '超值', '雅房', ' ', '女性', '專屬', ' ', '多窗', '採光', ' ', '大空間']",0,0
0,0,0,0,0,0,0,0,0,0,0,0,0,0,0,0,0,1,0,7.0,台北市文山區興隆路一段,11100,1,捷運萬隆站【優質雅房】可補助★採光優★低樓層,25.004269661114,121.539133954494,14,捷運萬隆站 優質雅房 可補助 採光優 低樓層,"['捷運萬隆', '站', ' ', '優質', '雅房', ' ', '可補助', ' ', '採光優', ' ', '低樓', '層']",0,0
0,0,0,0,0,0,0,0,0,0,0,0,0,0,0,0,0,1,0,20.0,台北市文山區忠順街一段,16500,4,景美女中【超值2房2廳】房皆有窗★附冷氣★合租首選,24.983863779883,121.55785801764,4,景美女中 超值2房2廳 房皆有窗 附冷氣 合租首選,"['景', '美女', '中', ' ', '超值', '2', '房', '2', '廳', ' ', '房皆有', '窗', ' ', '附冷氣', ' ', '合租', '首選']",0,0
1,0,0,0,0,0,0,0,0,0,0,0,0,0,0,0,0,1,0,21.0,台北市文山區興隆路三段,18000,4,近捷運萬芳醫院【超值2房1廳】附傢俱★有陽台★獨洗衣機,24.995135557669,121.559747711824,10,近捷運萬芳醫院 超值2房1廳 附傢俱 有陽台 獨洗衣機,"['近捷', '運萬芳', '醫院', ' ', '超值', '2', '房', '1', '廳', ' ', '附', '傢', '俱', ' ', '有陽台', ' ', '獨', '洗衣', '機']",0,1
1,0,0,0,0,0,0,0,0,0,0,1,0,0,0,0,0,1,0,7.0,台北市文山區景文街,10499,3,近捷運景美【超值租案】大面採光★曬衣窗★大空間,24.989095985444,121.540888723581,15,近捷運景美 超值租案 大面採光 曬衣窗 大空間,"['近捷運', '景美', ' ', '超值', '租案', ' ', '大面', '採光', ' ', '曬', '衣窗', ' ', '大空間']",0,0
1,0,0,0,0,0,0,0,0,0,0,0,0,0,1,0,0,0,0,5.0,台北市文山區興隆路四段,13799,3,明道國小【超值租案】可補助★獨洗衣機★女性專屬,24.986699812759,121.560933705504,8,明道國小 超值租案 可補助 獨洗衣機 女性專屬,"['明道', '國小', ' ', '超值', '租案', ' ', '可補助', ' ', '獨', '洗衣', '機', ' ', '女性', '專屬']",0,0
0,0,0,0,0,0,0,0,0,0,0,0,0,0,0,0,0,1,0,29.0,台北市文山區興隆路一段,16500,4,捷運萬隆站【超值3房】有陽台★採光優★附傢俱,25.004269661114,121.539133954494,14,捷運萬隆站 超值3房 有陽台 採光優 附傢俱,"['捷運萬隆', '站', ' ', '超值', '3', '房', ' ', '有陽台', ' ', '採光優', ' ', '附', '傢', '俱']",0,1
0,0,0,0,0,0,0,0,0,0,0,0,0,0,0,0,0,1,0,5.0,台北市文山區辛亥路四段,16000,3,捷運辛亥站4分【秒殺租案】可補助★養貓咪,25.009119812499,121.557995008773,17,捷運辛亥站4分 秒殺租案 可補助 養貓咪,"['捷運', '辛亥', '站', '4', '分', ' ', '秒', '殺', '租案', ' ', '可補助', ' ', '養貓', '咪']",0,0
0,0,0,0,0,0,0,0,1,0,0,1,0,0,0,0,1,1,0,7.0,台北市文山區羅斯福路五段,14500,3,捷運萬隆5分【秒殺租案】可補助★洗衣機★免爬梯,25.005255054602,121.5388267536,14,捷運萬隆5分 秒殺租案 可補助 洗衣機 免爬梯,"['捷運萬隆', '5', '分', ' ', '秒', '殺', '租案', ' ', '可補助', ' ', '洗衣', '機', ' ', '免', '爬梯']",0,0
0,0,0,0,0,0,0,0,0,0,0,0,0,0,0,0,1,1,0,8.0,台北市文山區興隆路二段,12000,3,近捷運萬芳醫院【超值租案】採光優★獨立衛浴★小資首選,25.000737057098,121.549415571791,13,近捷運萬芳醫院 超值租案 採光優 獨立衛浴 小資首選,"['近捷', '運萬芳', '醫院', ' ', '超值', '租案', ' ', '採光優', ' ', '獨立', '衛浴', ' ', '小資', '首選']",0,0
1,0,0,0,0,0,0,0,0,0,0,0,0,0,0,0,0,0,0,9.0,台北市文山區木柵路二段,13800,3,木柵公園【超值租案】洗衣機★採光優★免爬梯,24.988803942826,121.561662148876,8,木柵公園 超值租案 洗衣機 採光優 免爬梯,"['木柵公園', ' ', '超值', '租案', ' ', '洗衣', '機', ' ', '採光優', ' ', '免', '爬梯']",0,0
1,0,0,0,0,0,0,0,0,0,0,1,0,0,0,0,0,1,0,11.0,台北市文山區仙岩路,11999,4,景興國小【超值1房1廳】流理台★獨立陽台★大面採光,24.999616603943,121.54957499293,13,景興國小 超值1房1廳 流理台 獨立陽台 大面採光,"['景興國', '小', ' ', '超值', '1', '房', '1', '廳', ' ', '流理台', ' ', '獨立陽台', ' ', '大面', '採光']",0,1
1,0,0,0,0,0,0,0,1,0,0,1,0,0,0,0,0,1,0,9.0,台北市文山區景興路,18300,3,近捷運景美【大空間】獨洗衣機★新裝潢★限女性,24.992261135246,121.544043023281,5,近捷運景美 大空間 獨洗衣機 新裝潢 限女性,"['近捷運', '景美', ' ', '大空間', ' ', '獨', '洗衣', '機', ' ', '新裝潢', ' ', '限', '女性']",0,0
0,0,0,0,0,0,0,0,0,0,0,0,0,0,0,0,1,0,0,6.0,台北市文山區興隆路一段,10999,3,捷運萬隆站【超值租案】可補助★獨立衛浴★文山公園,25.004269661114,121.539133954494,14,捷運萬隆站 超值租案 可補助 獨立衛浴 文山公園,"['捷運萬隆', '站', ' ', '超值', '租案', ' ', '可補助', ' ', '獨立', '衛浴', ' ', '文山', '公園']",0,0
0,0,0,0,0,0,0,0,0,0,0,0,0,1,0,0,0,0,0,3.0,台北市文山區辛亥路五段,11999,3,捷運萬芳醫院站【超值租案】垃圾代收★有陽台★對外窗,24.998159731729,121.553071822137,7,捷運萬芳醫院站 超值租案 垃圾代收 有陽台 對外窗,"['捷運萬芳', '醫院', '站', ' ', '超值', '租案', ' ', '垃圾', '代收', ' ', '有陽台', ' ', '對外', '窗']",0,1
0,0,0,0,0,0,0,0,0,0,0,0,0,0,0,0,0,1,0,5.0,台北市文山區試院路,8300,3,世新大學【超值租案】雙面採光★乾溼分離★學生首選,24.989207887689,121.544820794987,18,世新大學 超值租案 雙面採光 乾溼分離 學生首選,"['世新大學', ' ', '超值', '租案', ' ', '雙面', '採光', ' ', '乾', '溼', '分', '離', ' ', '學生', '首選']",0,0
1,0,0,0,0,0,0,0,0,0,0,0,0,1,0,0,0,1,0,5.0,台北市文山區興隆路三段,9000,3,近捷運萬芳醫院【秒殺租案】有陽台★獨洗衣機★小資首選,24.995135557669,121.559747711824,10,近捷運萬芳醫院 秒殺租案 有陽台 獨洗衣機 小資首選,"['近捷', '運萬芳', '醫院', ' ', '秒', '殺', '租案', ' ', '有陽台', ' ', '獨', '洗衣', '機', ' ', '小資', '首選']",0,1
0,0,0,0,0,0,0,0,0,0,0,0,0,0,0,0,0,1,0,7.0,台北市文山區萬壽路,9000,3,政治大學【超值租案】採光優★免爬梯★獨立衛浴,24.988662106507,121.587909410426,9,政治大學 超值租案 採光優 免爬梯 獨立衛浴,"['政治', '大學', ' ', '超值', '租案', ' ', '採光優', ' ', '免', '爬梯', ' ', '獨立', '衛浴']",0,0
0,0,0,0,0,0,0,0,0,0,0,0,0,0,0,0,1,0,0,5.0,台北市文山區興隆路三段,8999,3,捷運萬芳醫院站3分【超值租案】可補助★獨立衛浴★小資首選,24.995135557669,121.559747711824,10,捷運萬芳醫院站3分 超值租案 可補助 獨立衛浴 小資首選,"['捷運萬芳', '醫院', '站', '3', '分', ' ', '超值', '租案', ' ', '可補助', ' ', '獨立', '衛浴', ' ', '小資', '首選']",0,0
0,0,0,0,0,0,0,0,0,0,0,0,0,0,0,0,0,0,0,5.0,台北市文山區興隆路三段,7999,3,捷運萬芳醫院站【超值租案】限女性★免爬梯★對外窗,24.995135557669,121.559747711824,10,捷運萬芳醫院站 超值租案 限女性 免爬梯 對外窗,"['捷運萬芳', '醫院', '站', ' ', '超值', '租案', ' ', '限', '女性', ' ', '免', '爬梯', ' ', '對外', '窗']",0,0
0,0,0,0,0,0,0,0,0,0,0,0,0,0,0,0,0,0,0,6.0,台北市文山區興隆路四段,9000,3,木柵公園【超值租案】限女性★採光優★獨立衛浴,24.986699812759,121.560933705504,8,木柵公園 超值租案 限女性 採光優 獨立衛浴,"['木柵公園', ' ', '超值', '租案', ' ', '限', '女性', ' ', '採光優', ' ', '獨立', '衛浴']",0,0
1,0,0,0,0,0,0,0,0,0,0,0,0,0,0,0,0,0,0,7.0,台北市文山區景福街,13499,4,捷運萬隆4分【超值1房1廳】可補助★免爬梯★附傢俱,24.9977920247,121.53669194,11,捷運萬隆4分 超值1房1廳 可補助 免爬梯 附傢俱,"['捷運萬隆', '4', '分', ' ', '超值', '1', '房', '1', '廳', ' ', '可補助', ' ', '免', '爬梯', ' ', '附', '傢', '俱']",0,0
1,0,0,0,0,0,0,0,0,0,0,0,0,0,0,0,0,1,0,6.0,台北市文山區興隆路三段,11000,3,近捷運萬芳醫院【超值租案】補助洽★低樓層★衛浴開窗,24.995135557669,121.559747711824,10,近捷運萬芳醫院 超值租案 補助洽 低樓層 衛浴開窗,"['近捷', '運萬芳', '醫院', ' ', '超值', '租案', ' ', '補助洽', ' ', '低樓', '層', ' ', '衛浴', '開窗']",0,0
0,0,0,0,0,0,0,0,0,0,0,1,0,0,0,0,0,0,0,5.0,台北市文山區景豐街,8499,3,景美運動公園【超值租案】獨洗衣機★免爬梯★對外窗,25.000249957777,121.54593908359,13,景美運動公園 超值租案 獨洗衣機 免爬梯 對外窗,"['景美', '運動', '公園', ' ', '超值', '租案', ' ', '獨', '洗衣', '機', ' ', '免', '爬梯', ' ', '對外', '窗']",0,0
1,0,0,0,0,0,1,0,0,0,0,0,0,0,0,0,1,1,0,8.0,台北市文山區景福街16號,14000,4,步行5分鐘萬隆站/極品稀少1樓1房1廳1衛/公館台大/可租補,24.999506755266,121.539121969388,11,步行5分鐘萬隆站 極品稀少1樓1房1廳1衛 公館台大 可租補,"['步行', '5', '分鐘', '萬隆', '站', ' ', '極品', '稀少', '1', '樓', '1', '房', '1', '廳', '1', '衛', ' ', '公館', '台大', ' ', '可租補']",1,0
1,0,0,0,0,0,0,0,1,0,0,0,0,0,0,0,0,1,0,15.0,台北市文山區政大二街,17000,4,政治大學/倚翠別墅/15坪開放式1房1廳/傢俱齊全/皮箱入住,24.987889143586,121.584011546827,9,政治大學 倚翠別墅 15坪開放式1房1廳 傢俱齊全 皮箱入住,"['政治', '大學', ' ', '倚翠別墅', ' ', '15', '坪', '開放式', '1', '房', '1', '廳', ' ', '傢', '俱', '齊全', ' ', '皮箱', '入住']",0,0
1,0,0,0,0,0,0,0,1,1,0,1,0,0,0,0,0,1,0,7.0,台北市文山區新光路一段,9388,3,歡迎世新同學(唯一)萬元美屋/採光-新裝潢-現時可居,24.990791070895,121.573696534917,6,歡迎世新同學 唯一 萬元美屋 採光 新裝潢 現時可居,"['歡迎', '世新', '同學', ' ', '唯一', ' ', '萬元', '美屋', ' ', '採光', ' ', '新裝潢', ' ', '現時', '可居']",0,0
0,0,0,0,0,0,0,0,1,0,0,1,0,0,0,0,0,1,0,6.0,台北市文山區景豐街48巷11弄,8500,3,租1樓便宜獨立套房,24.999713369179,121.54616410916,13,租1樓便宜獨立套房,"['租', '1', '樓', '便宜', '獨立', '套房']",0,0
1,0,0,0,0,0,0,0,0,0,0,0,0,0,0,0,0,1,0,9.0,台北市文山區興隆路三段112巷2弄,12500,3,獨立套房，交通便利近捷運，生活機能佳,24.998296323278,121.558805765262,3,獨立套房 交通便利近捷運 生活機能佳,"['獨立', '套房', ' ', '交通', '便利', '近捷運', ' ', '生活', '機能', '佳']",0,0
1,0,0,0,0,0,0,0,0,0,0,0,0,1,0,0,1,1,0,7.0,台北市文山區興隆路三段207巷12弄,11500,2,申請租補萬芳醫院捷運站漂亮分租套房-適學生/上班族,24.994459917486,121.561319649905,10,申請租補萬芳醫院捷運站漂亮分租套房 適學生 上班族,"['申請', '租', '補萬芳', '醫院', '捷運站', '漂亮', '分租', '套房', ' ', '適學生', ' ', '上班族']",1,0
1,0,0,0,0,0,0,0,0,0,0,1,0,0,0,0,1,1,0,8.0,台北市文山區興隆路一段,9900,1,申請租補萬隆捷運溫馨大雅房-適台大/師大/世新上班族,25.004269661114,121.539133954494,14,申請租補萬隆捷運溫馨大雅房 適台大 師大 世新上班族,"['申請', '租', '補萬隆', '捷運', '溫馨', '大雅', '房', ' ', '適', '台大', ' ', '師大', ' ', '世', '新', '上班族']",1,0
1,0,0,0,0,0,0,0,0,0,0,0,0,0,0,0,1,0,0,4.0,台北市文山區興隆路一段,6800,1,申請租補萬隆捷運雅房-適台大/政大/世新/上班族,25.004269661114,121.539133954494,14,申請租補萬隆捷運雅房 適台大 政大 世新 上班族,"['申請', '租補', '萬隆捷', '運雅房', ' ', '適', '台大', ' ', '政', '大', ' ', '世', '新', ' ', '上班族']",1,0
0,0,0,0,0,0,0,0,0,0,0,1,0,1,0,0,0,1,0,4.0,台北市文山區辛亥路五段118巷10號,5500,1,舒適大間雅房有大陽台淑女找屋看過來喲,24.997494679409,121.551669678442,7,舒適大間雅房有大陽台淑女找屋看過來喲,"['舒適', '大間', '雅房', '有', '大陽台', '淑女', '找屋', '看過', '來', '喲']",0,1
1,0,0,0,0,0,0,0,0,0,0,0,0,0,0,0,1,1,0,6.0,台北市文山區興隆路一段184巷4弄,11900,2,萬隆2號出口.人在美國不接電話只加賴聯絡，租補3600元,25.00088386138,121.542125333254,2,萬隆2號出口 人在美國不接電話只加賴聯絡 租補3600元,"['萬隆', '2', '號', '出口', ' ', '人', '在', '美國', '不接', '電話', '只', '加賴', '聯絡', ' ', '租補', '3600', '元']",1,0
1,0,0,0,0,0,0,0,0,0,0,0,0,0,0,0,0,1,0,8.0,台北市文山區興隆路一段184巷4弄,10600,1,萬隆2號出口，租補3600我在美國不接電話，只加賴聯絡-,25.00088386138,121.542125333254,2,萬隆2號出口 租補3600我在美國不接電話 只加賴聯絡,"['萬隆', '2', '號', '出口', ' ', '租補', '3600', '我', '在', '美國', '不接', '電話', ' ', '只加賴', '聯絡']",1,0
1,0,0,0,0,0,0,0,0,0,0,0,0,0,0,0,0,1,0,8.0,台北市文山區景文街,10500,2,景文街捷運景美站/河堤旁，對外窗通風好,24.989095985444,121.540888723581,15,景文街捷運景美站 河堤旁 對外窗通風好,"['景文街', '捷運', '景美', '站', ' ', '河堤', '旁', ' ', '對外', '窗通', '風好']",0,0
1,0,0,0,0,0,0,0,1,0,0,0,0,1,0,0,0,1,0,7.0,台北市文山區羅斯福路五段,14800,1,卓悅租賃🏠可租補｜全新裝潢｜採光佳｜可坎｜台水台電｜拎包,25.005255054602,121.5388267536,14,卓悅租賃 可租補 全新裝潢 採光佳 可坎 台水台電 拎包,"['卓悅', '租賃', ' ', '可租補', ' ', '全新', '裝潢', ' ', '採光佳', ' ', '可坎', ' ', '台水', '台電', ' ', '拎包']",1,0
1,0,0,0,0,0,0,0,1,0,0,0,0,1,0,0,0,1,0,5.0,台北市文山區辛亥路五段73巷,12000,3,萬芳🏡限女、免爬高✨新裝潢傢俱齊✨陽台獨曬✨包裹垃圾代收✨,24.99823295045,121.553220599313,7,萬芳 限女 免爬高 新裝潢傢俱齊 陽台獨曬 包裹垃圾代收,"['萬芳', ' ', '限女', ' ', '免', '爬高', ' ', '新裝潢', '傢', '俱齊', ' ', '陽台', '獨曬', ' ', '包裹', '垃圾', '代收']",0,1
1,0,0,0,0,0,0,0,0,0,1,0,0,1,0,0,0,1,0,8.0,台北市文山區興隆路三段112巷2弄22號,12500,3,萬芳醫院大套房,24.999418535735,121.556603685746,3,萬芳醫院大套房,"['萬芳', '醫院', '大', '套房']",0,0
1,0,0,0,0,0,0,0,1,0,0,1,0,1,0,0,0,1,0,4.0,台北市文山區指南路一段96巷26號,9000,2,政大🎀女孩共居套房💞一樓免爬梯,24.987108034541,121.571388357119,16,政大 女孩共居套房 一樓免爬梯,"['政', '大', ' ', '女孩', '共居', '套房', ' ', '一樓免', '爬梯']",0,0
1,0,0,0,0,0,0,0,0,0,0,0,0,1,1,0,0,1,0,5.0,台北市文山區興隆路一段108號,6000,1,電梯無炊冷氣雅房水泥隔間有窗近萬隆3號,25.002733452713,121.541363122659,2,電梯無炊冷氣雅房水泥隔間有窗近萬隆3號,"['電梯', '無', '炊', '冷氣雅房', '水泥', '隔間', '有', '窗近', '萬隆', '3', '號']",0,0
1,0,0,0,0,0,0,0,0,0,0,1,0,0,0,0,0,1,0,5.0,台北市文山區木新路二段212號,9000,2,政大/戲曲/景文木新路恆光街口大套房,24.983683230813,121.567477612555,16,政大 戲曲 景文木新路恆光街口大套房,"['政', '大', ' ', '戲曲', ' ', '景文木', '新路', '恆光', '街口', '大', '套房']",0,0
1,0,0,0,0,0,0,0,0,0,0,1,0,0,0,0,0,1,0,4.5,台北市文山區羅斯福路五段118號,9200,1,萬隆捷運站師大分部附近房屋出租,25.006382975265,121.538727014111,14,萬隆捷運站師大分部附近房屋出租,"['萬隆捷', '運站', '師大', '分部', '附近', '房屋出租']",0,0
1,0,0,0,0,0,0,0,1,0,0,0,0,0,0,0,0,1,0,4.0,台北市文山區羅斯福路五段242號,12000,1,可申請租補★萬隆捷運站旁低樓層家庭式雅房,25.001362969634,121.538997414307,2,可申請租補 萬隆捷運站旁低樓層家庭式雅房,"['可申', '請', '租補', ' ', '萬隆捷', '運站', '旁低', '樓層', '家庭式', '雅房']",1,0
1,0,1,0,0,0,0,0,1,0,0,1,0,0,0,0,0,1,0,2.6,台北市文山區興隆路二段96巷2弄4號,12600,1,【質感設計空間】設計系雅房Ｄ，另有雅房Ｃ可供選擇,25.000383628067,121.54990729948,13,質感設計空間 設計系雅房 另有雅房 可供選擇,"['質感', '設計', '空間', ' ', '設計', '系雅房', ' ', '另有', '雅房', ' ', '可供', '選擇']",0,0
1,0,1,0,0,0,0,0,1,0,0,1,0,1,0,0,0,1,0,3.0,台北市文山區興隆路二段96巷2弄4號,13800,1,【質感美學寓所】專屬陽台雅房Ａ，另有質感套房Ｂ可供選擇,25.000383628067,121.54990729948,13,質感美學寓所 專屬陽台雅房 另有質感套房 可供選擇,"['質感', '美學', '寓所', ' ', '專屬陽', '台雅房', ' ', '另有', '質感', '套房', ' ', '可供', '選擇']",0,1
1,0,0,0,0,1,0,0,0,0,0,1,0,0,0,0,1,1,0,10.2,台北市文山區福興路62號,15000,3,★近辛亥捷運站★生活機能佳★精緻裝潢傢俱,25.003763546703,121.550249784044,13,近辛亥捷運站 生活機能佳 精緻裝潢傢俱,"['近', '辛亥', '捷運站', ' ', '生活', '機能', '佳', ' ', '精', '緻', '裝', '潢', '傢', '俱']",0,0
0,0,0,0,0,0,1,0,0,0,0,0,0,0,0,0,0,1,0,12.8,台北市文山區福興路62號,17000,4,台北市-文山區_☺近辛亥捷運/萬芳醫院機能便利/走下樓有全聯,25.003763546703,121.550249784044,13,台北市 文山區 近辛亥捷運 萬芳醫院機能便利 走下樓有全聯,"['台北市', ' ', '文山', '區', ' ', '近', '辛亥', '捷運', ' ', '萬芳', '醫院', '機能', '便利', ' ', '走下樓', '有', '全聯']",0,0
0,0,0,0,0,0,0,0,1,0,0,1,0,0,0,0,0,1,0,4.0,台北市文山區木柵路二段,5000,1,限女性*獨立網路第四台*機能佳*低樓層*可租金補貼,24.988803942826,121.561662148876,8,限女性 獨立網路第四台 機能佳 低樓層 可租金補貼,"['限', '女性', ' ', '獨立', '網路', '第四', '台', ' ', '機能', '佳', ' ', '低樓', '層', ' ', '可', '租金', '補貼']",0,0
1,0,0,0,0,0,0,0,0,0,0,1,0,0,0,0,0,1,0,5.0,台北市文山區景興路96巷,19500,3,景美🏠格局方正大空間/新裝潢一卡皮箱入住/台水電計費/讚,24.9946810306,121.543417142824,5,景美 格局方正大空間 新裝潢一卡皮箱入住 台水電計費 讚,"['景美', ' ', '格局', '方正', '大空間', ' ', '新裝潢', '一卡', '皮箱', '入住', ' ', '台水', '電計費', ' ', '讚']",0,0
0,0,1,0,0,0,0,0,1,0,0,0,0,0,1,1,0,1,0,5.3,台北市文山區下崙路11巷,7500,3,兆基社會住宅🏠可租補入籍/空間寬敞/兩戶打通,24.985782784194,121.559835159172,8,兆基社會住宅 可租補入籍 空間寬敞 兩戶打通,"['兆', '基社會', '住宅', ' ', '可租補', '入籍', ' ', '空間', '寬', '敞', ' ', '兩戶', '打通']",1,0
1,0,0,0,0,0,0,0,0,0,0,0,0,0,0,0,0,1,0,7.0,台北市文山區中崙路2號,11500,3,優質套房馬上搬馬上住(有靠窗),24.982944324139,121.564753829299,8,優質套房馬上搬馬上住 有靠窗,"['優質', '套房', '馬', '上', '搬', '馬', '上', '住', ' ', '有', '靠窗']",0,0
1,0,0,0,0,0,0,0,0,0,0,1,0,1,0,0,0,1,0,6.0,台北市文山區興隆路二段301巷15號,11000,3,(可租補)萬芳醫院站旁.壹樓後棟套房/獨立大門+小院,25.002166291234,121.553487629422,7,可租補 萬芳醫院站旁 壹樓後棟套房 獨立大門 小院,"['可租補', ' ', '萬芳', '醫院', '站', '旁', ' ', '壹', '樓後棟', '套房', ' ', '獨立', '大門', ' ', '小院']",1,0
1,0,0,0,0,0,0,1,0,0,0,0,0,1,0,0,0,1,0,4.0,台北市文山區羅斯福路五段95號,6800,1,"冷氣清靜雅房6800,CP值高,想租要快",25.00580772525,121.539184749843,14,冷氣清靜雅房6800 CP值高 想租要快,"['冷氣', '清靜雅房', '6800', ' ', 'CP', '值高', ' ', '想租要', '快']",0,0
1,0,0,0,0,0,0,0,1,0,0,0,0,0,0,0,0,1,0,5.0,台北市文山區景興路,13500,3,景美❤️‍🔥大面採光/獨立衛浴/傢俱齊全/格局方正/機能佳,24.992261135246,121.544043023281,5,景美 大面採光 獨立衛浴 傢俱齊全 格局方正 機能佳,"['景美', ' ', '大面', '採光', ' ', '獨立', '衛浴', ' ', '傢', '俱', '齊全', ' ', '格局', '方正', ' ', '機能', '佳']",0,0
1,0,0,0,0,0,0,0,1,0,0,0,0,0,0,0,0,1,0,5.0,台北市文山區興隆路三段112巷2弄,13000,3,萬芳❤️‍🔥限女/垃圾代收/免爬高/採光超好/獨曬/機能佳,24.998296323278,121.558805765262,3,萬芳 限女 垃圾代收 免爬高 採光超好 獨曬 機能佳,"['萬芳', ' ', '限女', ' ', '垃圾', '代收', ' ', '免', '爬高', ' ', '採光', '超好', ' ', '獨曬', ' ', '機能', '佳']",0,0
1,0,0,0,0,0,0,0,0,0,0,0,0,0,1,0,0,1,0,5.0,台北市文山區興隆路四段145巷23弄,13800,3,萬芳醫院🏠可租補/生活機能好免爬梯/獨洗曬對外窗,24.985242879443,121.562800567733,8,萬芳醫院 可租補 生活機能好免爬梯 獨洗曬對外窗,"['萬芳', '醫院', ' ', '可租補', ' ', '生活', '機能', '好免', '爬梯', ' ', '獨洗', '曬', '對', '外窗']",1,0
1,0,0,0,0,0,0,0,1,0,0,0,0,0,0,0,0,1,0,4.0,台北市文山區興隆路四段109巷92弄,9500,3,萬芳醫院💛免爬高／磁扣門鎖／租金便宜／女士優先／採光通風,24.986828926188,121.563898032578,8,萬芳醫院 免爬高 磁扣門鎖 租金便宜 女士優先 採光通風,"['萬芳', '醫院', ' ', '免', '爬高', ' ', '磁扣', '門鎖', ' ', '租金', '便宜', ' ', '女士', '優先', ' ', '採', '光通', '風']",0,0
1,0,0,0,0,0,0,0,0,0,0,1,0,0,0,0,0,1,0,8.0,台北市文山區秀明路二段112巷1弄,18000,2,*政大*林蔭樹海雅居,24.989934454202,121.575499596808,6,政大 林蔭樹海雅居,"['政', '大', ' ', '林蔭樹', '海雅居']",0,0
1,0,0,0,0,0,0,0,0,0,0,0,0,0,0,0,0,1,0,12.0,台北市文山區政大二街,16500,3,政大首選【超值租案】垃圾代收★小廚房★一層一戶,24.987889143586,121.584011546827,9,政大首選 超值租案 垃圾代收 小廚房 一層一戶,"['政大首', '選', ' ', '超值', '租案', ' ', '垃圾', '代收', ' ', '小', '廚房', ' ', '一層', '一戶']",0,0
0,0,0,0,0,1,0,0,1,0,0,0,0,0,0,0,1,1,1,14.0,台北市文山區木柵路一段,15000,4,近考試院【超值1房1廳】可補助★有廚房★低樓層,24.986870628629,121.546508825123,0,近考試院 超值1房1廳 可補助 有廚房 低樓層,"['近考', '試院', ' ', '超值', '1', '房', '1', '廳', ' ', '可補助', ' ', '有', '廚房', ' ', '低樓', '層']",0,0
1,0,0,0,0,0,0,0,0,0,0,1,0,0,0,0,0,1,0,6.0,台北市文山區萬盛街130巷,10000,2,萬隆捷運採光明亮套房─WS403,25.00490860415,121.541653162307,2,萬隆捷運採光明亮套房 WS403,"['萬隆', '捷運', '採光', '明亮', '套房', ' ', 'WS403']",0,0
1,0,0,0,0,0,0,0,0,0,0,1,0,0,0,0,1,1,0,6.0,台北市文山區萬盛街130巷,11000,2,萬隆捷運採光明亮套房─WS403（可申請租補）,25.00490860415,121.541653162307,2,萬隆捷運採光明亮套房 WS403 可申請租補,"['萬隆', '捷運', '採光', '明亮', '套房', ' ', 'WS403', ' ', '可申', '請', '租補']",1,0
1,0,0,0,0,0,1,0,0,0,0,1,0,0,0,1,1,1,0,5.0,台北市文山區木柵路二段109巷,13000,2,全新套房出租、歡迎來電賞屋,24.988936768057,121.561697847025,8,全新套房出租 歡迎來電賞屋,"['全新', '套房', '出租', ' ', '歡迎', '來', '電賞', '屋']",0,0
1,0,0,0,0,0,0,0,0,0,0,0,0,0,1,0,0,1,0,5.0,台北市文山區木柵路一段,9500,3,木柵路/世新大學旁套房/近景美捷運站夜市,24.986870628629,121.546508825123,0,木柵路 世新大學旁套房 近景美捷運站夜市,"['木柵路', ' ', '世新大學', '旁', '套房', ' ', '近景', '美捷', '運站', '夜市']",0,0
1,0,0,0,0,0,0,0,0,0,0,0,0,1,0,0,0,1,0,5.0,台北市文山區景隆街,8500,2,近萬隆捷運公寓1樓免爬樓梯便宜出租,24.999517416712,121.541991845628,2,近萬隆捷運公寓1樓免爬樓梯便宜出租,"['近萬隆', '捷運', '公寓', '1', '樓免', '爬', '樓梯', '便宜', '出租']",0,0
1,0,0,0,0,0,0,0,0,0,0,0,0,1,0,0,0,1,0,4.0,台北市文山區景華街128巷7號,6300,1,學生雅房~世新中國科大台科大台大,24.995275235267,121.547623230865,5,學生雅房 世新中國科大台科大台大,"['學生', '雅房', ' ', '世新', '中國', '科大', '台', '科大', '台大']",0,0
0,0,0,0,0,0,0,0,1,0,0,1,0,0,1,0,0,1,0,8.0,台北市文山區木柵路一段76巷,13000,2,"近考試院,環境好.面河(適合2人學生同住)",24.986950858824,121.550286573414,0,近考試院 環境好 面河 適合2人學生同住,"['近考', '試院', ' ', '環境', '好', ' ', '面河', ' ', '適合', '2', '人學生', '同住']",0,0
1,0,0,0,0,0,0,0,1,0,0,1,0,1,1,0,0,1,0,9.2,台北市文山區指南路三段32巷,17500,3,政大景觀挑高美邸,24.982785612802,121.580216848096,9,政大景觀挑高美邸,"['政大景觀', '挑', '高美邸']",0,0
1,0,0,0,0,0,1,0,1,0,0,0,0,0,0,0,0,1,0,24.0,台北市文山區久康街,14500,4,木柵久康宅出租,24.989989400412,121.566355602336,16,木柵久康宅出租,"['木柵久', '康宅', '出租']",0,0
1,0,0,0,0,0,0,0,1,0,0,1,0,1,0,0,1,1,0,3.0,台北市文山區興隆路二段153巷2弄,11500,1,限女性可租補採光佳｜台水台電垃圾代收｜共生雅房興隆公園附近,25.001129325455,121.547883222072,13,限女性可租補採光佳 台水台電垃圾代收 共生雅房興隆公園附近,"['限', '女性', '可租補', '採光佳', ' ', '台水', '台電', '垃圾', '代收', ' ', '共生', '雅房', '興隆', '公園', '附近']",1,0
1,0,0,0,0,0,0,0,0,0,0,0,0,0,0,0,0,1,0,8.0,台北市文山區興隆路三段152巷,9700,3,捷運萬芳醫院2分【秒殺租案】獨洗★陽台★中國科大,24.998421450368,121.558109198627,3,捷運萬芳醫院2分 秒殺租案 獨洗 陽台 中國科大,"['捷運萬芳', '醫院', '2', '分', ' ', '秒', '殺', '租案', ' ', '獨洗', ' ', '陽台', ' ', '中國', '科大']",0,1
0,0,0,0,0,0,0,0,0,0,0,0,0,0,0,0,1,1,0,7.0,台北市文山區羅斯福路三段244巷20號,19000,2,公館商圈稀有全新釋出台大對面採光優美套房,25.016395882084,121.530429249032,12,公館商圈稀有全新釋出台大對面採光優美套房,"['公館', '商圈', '稀有', '全新', '釋', '出台', '大對面', '採光', '優美', '套房']",0,0
0,0,0,0,0,0,0,0,0,0,0,0,0,0,0,0,1,1,0,6.0,台北市文山區羅斯福路三段244巷20號,19500,2,新裝潢台大公館商圈陽光美套房可租補,25.016395882084,121.530429249032,12,新裝潢台大公館商圈陽光美套房可租補,"['新裝潢', '台', '大公', '館', '商圈', '陽光美', '套房', '可租補']",1,0
1,0,0,0,0,0,0,0,1,0,0,0,0,0,0,0,0,1,0,15.0,台北市文山區木柵路三段85巷,20000,4,🏠【政治大學｜優質兩房一廳】🏠可開伙,24.988861444867,121.567689423248,16,政治大學 優質兩房一廳 可開伙,"['政治', '大學', ' ', '優質', '兩房', '一廳', ' ', '可開伙']",0,0
1,0,0,0,0,0,0,0,0,0,0,0,0,0,0,0,1,1,0,6.0,台北市文山區萬盛街130巷,10500,2,萬隆捷運格局方正套房-WS402（可申請租補）,25.00490860415,121.541653162307,2,萬隆捷運格局方正套房 WS402 可申請租補,"['萬隆', '捷運', '格局', '方正', '套房', ' ', 'WS402', ' ', '可申', '請', '租補']",1,0
1,0,0,0,0,0,0,0,0,0,0,1,0,0,0,0,0,1,0,6.0,台北市文山區萬盛街130巷,9500,2,萬隆捷運格局方正套房-WS402,25.00490860415,121.541653162307,2,萬隆捷運格局方正套房 WS402,"['萬隆', '捷運', '格局', '方正', '套房', ' ', 'WS402']",0,0
0,0,0,0,0,0,0,0,0,0,0,0,0,0,0,0,0,1,0,5.0,台北市文山區和興路52巷,9000,3,近世新大學優質套房,24.98450687558,121.547615148385,0,近世新大學優質套房,"['近世', '新大學', '優質', '套房']",0,0
1,0,0,0,0,0,0,0,1,0,0,1,0,0,0,0,0,1,0,8.0,台北市文山區木柵路一段59巷,7600,1,優質雅房出租，5樓（非頂樓）,24.987780414809,121.54638409393,0,優質雅房出租 5樓 非頂樓,"['優質雅', '房出租', ' ', '5', '樓', ' ', '非頂樓']",0,0
1,0,0,1,0,0,0,0,0,0,0,0,1,0,0,0,0,0,0,5.0,台北市文山區辛亥路四段,8000,3,步行辛亥捷運站只要一分鐘，生活機能良好！,25.009119812499,121.557995008773,17,步行辛亥捷運站只要一分鐘 生活機能良好,"['步行', '辛亥', '捷運站', '只要', '一分', '鐘', ' ', '生活', '機能', '良好']",0,0
1,0,0,0,0,0,0,0,0,0,0,0,0,0,0,0,0,1,0,3.0,台北市文山區興隆路四段64號,6000,1,文青全新雅房,24.985141975333,121.561325379443,8,文青全新雅房,"['文青', '全新', '雅房']",0,0
1,0,1,0,0,0,0,0,0,0,0,0,0,1,0,0,0,1,0,5.0,台北市文山區木柵路二段86巷8號,7000,1,近政大世新中國科大雅房出租,24.988372989459,121.559942365419,8,近政大世新中國科大雅房出租,"['近政大世新', '中國科', '大雅', '房出租']",0,0
1,0,1,0,0,0,0,0,0,0,0,0,0,1,0,0,0,1,0,4.0,台北市文山區忠順街二段90巷9號,7400,1,五星級庭院歐風美雅舍,24.984441793051,121.56482038161,8,五星級庭院歐風美雅舍,"['五星', '級', '庭院', '歐風', '美雅舍']",0,0
1,0,0,0,0,0,0,1,0,0,0,0,0,1,0,0,0,1,0,4.0,台北市文山區景明街84巷2弄10號,6000,1,雅房/萬隆捷運步行5分鐘.包水瓦斯網路,25.000805195887,121.540566925677,2,雅房 萬隆捷運步行5分鐘 包水瓦斯網路,"['雅房', ' ', '萬隆', '捷運', '步行', '5', '分鐘', ' ', '包水', '瓦斯', '網路']",0,0
0,0,0,0,0,0,0,0,1,0,0,0,0,1,0,0,0,0,0,10.0,台北市文山區仙岩路16巷,15000,3,獨立門戶套房全新裝修(週日下午14:00看屋),24.995930297518,121.550418767767,7,獨立門戶套房全新裝修 週日下午14 00看屋,"['獨立門戶', '套房', '全新', '裝修', ' ', '週日', '下午', '14', ' ', '00', '看屋']",0,0
1,0,0,0,0,0,0,0,1,0,0,1,0,0,0,0,0,1,0,4.0,台北市文山區試院路154巷3弄,7200,3,🎓學生神價！世新大學旁🔥走路1分到校✨獨立套房！,24.990685598455,121.546398634811,18,學生神價 世新大學旁 走路1分到校 獨立套房,"['學生', '神價', ' ', '世新大學', '旁', ' ', '走路', '1', '分', '到校', ' ', '獨立', '套房']",0,0
1,0,0,0,0,0,0,0,1,0,0,1,0,0,0,0,0,1,0,5.0,台北市文山區新光路一段,6000,1,👑【政大雅房｜小資首選】🏠乾淨明亮空間🔥適合學生,24.990791070895,121.573696534917,6,政大雅房 小資首選 乾淨明亮空間 適合學生,"['政', '大雅', '房', ' ', '小資', '首選', ' ', '乾淨', '明亮', '空間', ' ', '適合學生']",0,0
1,0,0,0,0,0,0,0,0,0,0,0,0,0,0,0,0,1,0,6.0,台北市文山區羅斯福路五段,13500,2,萬隆捷運站套房可短租,25.005255054602,121.5388267536,14,萬隆捷運站套房可短租,"['萬隆捷', '運站', '套房', '可短租']",0,0
0,0,0,0,0,0,0,0,1,1,0,1,0,1,0,0,0,1,0,7.0,台北市文山區景興路153巷50弄13號,14500,2,離塵不離城套房,24.993141370357,121.546584042509,18,離塵不離城套房,"['離塵', '不離城', '套房']",0,0
1,0,0,0,0,0,0,0,1,1,0,1,0,0,0,0,0,1,0,10.0,台北市文山區景興路153巷,16500,4,漂亮捷運公園套房,24.993755710464,121.54573590706,5,漂亮捷運公園套房,"['漂亮', '捷運公園', '套房']",0,0
0,0,0,0,0,0,0,0,1,0,0,1,0,0,0,0,0,1,0,21.0,台北市文山區忠順街一段26巷13弄,18000,4,🏠【文山忠順街】陽光2房1廳,24.982803010057,121.55962852013,4,文山忠順街 陽光2房1廳,"['文山', '忠順街', ' ', '陽光', '2', '房', '1', '廳']",0,0
0,0,0,0,0,0,0,0,0,0,0,1,0,0,0,0,0,1,0,5.0,台北市文山區試院路154巷1弄,4000,2,世新大學旁套房(位地下室)-SYC6,24.990361027078,121.546413388636,18,世新大學旁套房 位地下室 SYC6,"['世新大學', '旁', '套房', ' ', '位', '地下室', ' ', 'SYC6']",0,0
1,0,0,0,0,0,0,0,0,0,0,1,0,0,0,0,0,1,0,10.0,台北市文山區興隆路二段217巷2弄,16999,3,採光大套房、垃圾代收、獨立陽台、萬芳商圈,25.00168273924,121.550204982772,13,採光大套房 垃圾代收 獨立陽台 萬芳商圈,"['採', '光大', '套房', ' ', '垃圾', '代收', ' ', '獨立陽台', ' ', '萬芳', '商圈']",0,1
1,0,0,1,0,0,0,0,0,0,0,0,0,0,0,0,0,0,0,5.0,台北市文山區辛亥路四段101巷93弄,9000,3,獨立套房~近捷運辛亥站、靈糧山莊辛亥國小,25.00660551745,121.561533043496,17,獨立套房 近捷運辛亥站 靈糧山莊辛亥國小,"['獨立', '套房', ' ', '近捷運', '辛亥', '站', ' ', '靈糧山莊', '辛亥', '國小']",0,0
1,0,0,1,0,0,0,0,0,0,0,0,0,0,0,0,0,0,0,5.0,台北市文山區辛亥路四段101巷93弄,9000,3,獨立套房~近捷運辛亥站、靈糧山莊辛亥國小,25.00660551745,121.561533043496,17,獨立套房 近捷運辛亥站 靈糧山莊辛亥國小,"['獨立', '套房', ' ', '近捷運', '辛亥', '站', ' ', '靈糧山莊', '辛亥', '國小']",0,0
0,0,0,0,0,0,0,0,1,0,0,1,0,0,0,0,0,1,0,6.5,台北市文山區木柵路二段109巷,13000,3,全新裝潢✨多間可看✨獨立洗衣機✨秒殺釋出✨明亮採光4+,24.988936768057,121.561697847025,8,全新裝潢 多間可看 獨立洗衣機 秒殺釋出 明亮採光4,"['全新', '裝潢', ' ', '多間', '可', '看', ' ', '獨立', '洗衣', '機', ' ', '秒', '殺釋', '出', ' ', '明亮', '採光', '4']",0,0
0,0,0,0,0,0,0,0,1,0,0,1,0,1,0,0,1,1,0,4.5,台北市文山區木柵路二段109巷,10000,3,一樓小資單人✨租屋補助✨獨立洗衣機✨明亮採光,24.988936768057,121.561697847025,8,一樓小資單人 租屋補助 獨立洗衣機 明亮採光,"['一樓', '小資', '單人', ' ', '租屋', '補助', ' ', '獨立', '洗衣', '機', ' ', '明亮', '採光']",1,0
0,0,0,0,0,0,0,0,1,0,0,0,0,1,1,0,0,1,0,10.0,台北市文山區久康街58號,7800,1,木柵郵局後面文山奇跡女生雅房歡迎租補,24.989650810598,121.566017904117,16,木柵郵局後面文山奇跡女生雅房歡迎租補,"['木柵郵', '局後面', '文山', '奇跡', '女生', '雅房', '歡迎', '租補']",1,0
1,0,0,0,0,0,0,0,0,0,0,0,0,0,0,0,0,1,0,4.0,台北市文山區指南路三段135號,6500,3,稀有芬多精套房(不收服務費）,24.9763304158,121.587698786327,19,稀有芬多精套房 不收服務費,"['稀有', '芬多精', '套房', ' ', '不', '收服', '務費']",0,0
0,0,0,0,0,0,0,0,1,0,0,1,0,0,0,0,1,1,0,1.7,台北市文山區興隆路一段251巷4弄,9200,1,文山森林公園旁的質感共居✨可租補,24.999542712582,121.544949251565,13,文山森林公園旁的質感共居 可租補,"['文山', '森林', '公園', '旁', '的', '質', '感共居', ' ', '可租補']",1,0
1,0,0,0,0,0,0,0,1,0,0,1,0,0,0,0,0,0,0,4.2,台北市文山區景興路,10800,2,捷運景美站可租補-文青風美宅,24.992261135246,121.544043023281,5,捷運景美站可租補 文青風美宅,"['捷運', '景美', '站', '可租補', ' ', '文青風', '美宅']",1,0
1,0,0,0,0,0,0,0,0,0,0,1,0,0,0,0,0,1,0,5.5,台北市文山區景福街,8000,3,有山有水、食衣住行超便利的住家好環境,24.9977920247,121.53669194,11,有山有水 食衣住行超便利的住家好環境,"['有山有水', ' ', '食衣住行', '超', '便利', '的', '住家', '好', '環境']",0,0
1,0,0,0,0,0,0,0,1,0,0,1,0,0,0,0,0,0,0,4.0,台北市文山區羅斯福路五段218巷,11800,2,全新萬隆捷運站質感美套房,25.002073988355,121.53903601044,2,全新萬隆捷運站質感美套房,"['全新', '萬隆捷', '運站', '質感美', '套房']",0,0
1,0,0,0,0,0,0,0,1,0,0,1,0,0,0,0,0,0,0,3.0,台北市文山區羅斯福路五段218巷,9800,1,全新萬隆捷運站樓可租補-練腳力質感好宅,25.002073988355,121.53903601044,2,全新萬隆捷運站樓可租補 練腳力質感好宅,"['全新', '萬隆捷', '運站', '樓', '可租補', ' ', '練腳力', '質感', '好宅']",1,0
1,0,0,0,0,0,0,0,0,0,0,1,0,0,0,0,0,1,0,5.0,台北市文山區辛亥路七段17號,11500,2,近世新大學、中國科大舒適美套房1,24.986769028467,121.55311203634,0,近世新大學 中國科大舒適美套房1,"['近世', '新大學', ' ', '中國', '科大', '舒適', '美', '套房', '1']",0,0
1,0,0,0,0,0,0,0,0,0,0,1,0,0,0,0,0,1,0,5.0,台北市文山區辛亥路七段17號,11500,2,近世新大學、中國科大舒適美套房1,24.986769028467,121.55311203634,0,近世新大學 中國科大舒適美套房1,"['近世', '新大學', ' ', '中國', '科大', '舒適', '美', '套房', '1']",0,0
1,0,0,0,0,0,0,0,1,0,0,1,0,0,0,0,0,1,0,22.0,台北市文山區木柵路一段154號,18000,4,溝子口考試院二樓免爬高可入籍無法租補特惠價,24.987635423889,121.55190009696,0,溝子口考試院二樓免爬高可入籍無法租補特惠價,"['溝', '子口', '考試院', '二樓免', '爬高', '可', '入籍', '無法', '租補', '特惠', '價']",1,0
1,0,0,0,0,0,0,0,1,0,0,0,0,0,1,0,0,1,0,13.3,台北市文山區景興路,17500,3,【松信社宅】友善房源~免仲介費~可租補~可入籍~稀有釋出,24.992261135246,121.544043023281,5,松信社宅 友善房源 免仲介費 可租補 可入籍 稀有釋出,"['松', '信社', '宅', ' ', '友善', '房源', ' ', '免', '仲介', '費', ' ', '可租補', ' ', '可', '入籍', ' ', '稀有', '釋出']",1,0
0,0,0,0,0,0,0,0,0,0,0,0,0,0,0,0,0,0,0,6.0,台北市文山區興隆路一段,10000,2,萬隆捷運站2號出口優質套房可報稅申請補助,25.004269661114,121.539133954494,14,萬隆捷運站2號出口優質套房可報稅申請補助,"['萬隆捷', '運站', '2', '號', '出口', '優質', '套房', '可', '報稅', '申請', '補助']",0,0
0,0,0,0,0,0,0,0,0,0,0,0,0,0,0,0,0,0,0,6.0,台北市文山區興隆路一段,10000,2,萬隆捷運站2號出口優質套房可報稅申請補助,25.004269661114,121.539133954494,14,萬隆捷運站2號出口優質套房可報稅申請補助,"['萬隆捷', '運站', '2', '號', '出口', '優質', '套房', '可', '報稅', '申請', '補助']",0,0
1,0,0,1,0,0,0,0,1,0,0,1,0,0,0,0,0,1,0,18.0,台北市文山區木柵路一段,20000,4,千里之外★仙境：正二房／附傢俱家電,24.986870628629,121.546508825123,0,千里之外 仙境 正二房 附傢俱家電,"['千里', '之外', ' ', '仙境', ' ', '正', '二房', ' ', '附', '傢', '俱家電']",0,0
1,0,0,0,0,0,0,0,0,0,0,0,0,1,1,0,0,1,0,7.0,台北市文山區辛亥路七段76巷,11000,2,採光良好溫馨套房,24.982090495984,121.553799490392,4,採光良好溫馨套房,"['採光', '良好', '溫馨', '套房']",0,0
0,0,0,0,0,0,0,0,1,1,0,0,1,0,0,1,0,1,0,12.0,台北市文山區景華街192巷,19000,4,靜心學區獨戶套房,24.997984643559,121.547962823672,13,靜心學區獨戶套房,"['靜心', '學區', '獨戶', '套房']",0,0
1,0,0,0,0,1,1,0,0,0,0,0,0,0,0,0,1,1,0,5.0,台北市文山區試院路154巷2弄,11800,2,【試院路首選】鄰近世新大學、考試院｜採光通風優質套房｜可租補,24.99094067669,121.547512497245,18,試院路首選 鄰近世新大學 考試院 採光通風優質套房 可租補,"['試院', '路', '首選', ' ', '鄰', '近世', '新大學', ' ', '考試院', ' ', '採', '光通', '風優質', '套房', ' ', '可租補']",1,0
1,0,0,1,0,0,0,0,0,0,0,1,0,0,0,0,0,0,0,5.0,台北市文山區木柵路二段161巷,9600,3,豪華學生正職套房賴ID:chen2298,24.989134713445,121.563128246032,8,豪華學生正職套房賴ID chen2298,"['豪華學生', '正職', '套房', '賴', 'ID', ' ', 'chen2298']",0,0
1,0,0,0,0,0,1,0,0,0,0,1,0,0,0,0,1,1,0,7.0,台北市文山區興隆路三段,15000,2,✨可租補🚇3樓不是頂樓.對面萬芳醫院站.樓下公車站,24.995135557669,121.559747711824,10,可租補 3樓不是頂樓 對面萬芳醫院站 樓下公車站,"['可租補', ' ', '3', '樓', '不是', '頂樓', ' ', '對面', '萬芳', '醫院', '站', ' ', '樓下', '公車', '站']",1,0
1,0,0,0,0,0,0,0,1,0,0,1,0,1,0,0,1,0,0,2.0,台北市文山區羅斯福路五段,14800,1,近萬隆捷運站∣緊鄰師大公館校區∣文山區質感雅房釋出∣可租補,25.005255054602,121.5388267536,14,近萬隆捷運站 緊鄰師大公館校區 文山區質感雅房釋出 可租補,"['近萬隆捷', '運站', ' ', '緊鄰師', '大公', '館', '校區', ' ', '文山', '區質', '感雅房', '釋出', ' ', '可租補']",1,0
0,0,0,1,0,0,0,0,1,0,0,0,0,0,0,0,0,1,0,20.0,台北市文山區景豐街48巷11弄,16999,4,萬隆捷運站｜全新裝修＋新冷氣✨｜清幽大空間1房2廳🌿,24.999713369179,121.54616410916,13,萬隆捷運站 全新裝修 新冷氣 清幽大空間1房2廳,"['萬隆捷', '運站', ' ', '全新', '裝修', ' ', '新冷氣', ' ', '清幽', '大空間', '1', '房', '2', '廳']",0,0
0,0,0,1,0,0,0,0,1,0,0,0,0,0,0,0,0,1,0,20.0,台北市文山區景豐街48巷11弄,17000,4,萬隆捷運站｜全新裝修＋新冷氣✨｜清幽大空間1房2廳🌿,24.999713369179,121.54616410916,13,萬隆捷運站 全新裝修 新冷氣 清幽大空間1房2廳,"['萬隆捷', '運站', ' ', '全新', '裝修', ' ', '新冷氣', ' ', '清幽', '大空間', '1', '房', '2', '廳']",0,0
1,0,0,0,0,0,0,1,0,0,0,0,0,0,1,0,0,1,0,7.0,台北市文山區興隆路二段,14500,3,可短租萬芳醫院站.中國科技大學.,25.000737057098,121.549415571791,13,可短租萬芳醫院站 中國科技大學,"['可短', '租萬芳', '醫院', '站', ' ', '中國', '科技', '大學']",0,0
1,0,0,1,0,0,0,0,1,1,0,0,0,0,0,0,0,1,0,30.0,台北市文山區木新路二段69巷,17000,4,近國立政治大學.巷口即有公車站牌.機車停車方便.4樓頂加5樓,24.985694783437,121.571001275506,16,近國立政治大學 巷口即有公車站牌 機車停車方便 4樓頂加5樓,"['近國立', '政治', '大學', ' ', '巷口', '即', '有', '公車', '站牌', ' ', '機車', '停車', '方便', ' ', '4', '樓頂加', '5', '樓']",0,0
1,0,0,0,0,0,0,0,1,0,0,0,0,0,1,0,0,0,0,7.0,台北市文山區景興路153巷,19800,3,花園社區電梯獨立套房出租,24.993755710464,121.54573590706,5,花園社區電梯獨立套房出租,"['花園', '社區', '電梯', '獨立', '套房', '出租']",0,0
0,0,0,0,0,0,0,0,1,1,0,0,0,0,1,0,0,1,0,10.0,台北市文山區樟新街32巷,19500,3,⭐可租補【宏普電梯小資宅】⭐中信-小詠,24.977999279036,121.555678695534,4,可租補 宏普電梯小資宅 中信 小詠,"['可租補', ' ', '宏普電梯', '小資宅', ' ', '中信', ' ', '小詠']",1,0
1,0,0,1,0,0,0,0,1,0,0,0,0,0,0,0,0,1,0,7.0,台北市文山區興隆路三段47號,13000,3,萬芳醫院熱鬧4樓美套房,25.000410869252,121.555880746597,3,萬芳醫院熱鬧4樓美套房,"['萬芳', '醫院', '熱鬧', '4', '樓美', '套房']",0,0
1,0,0,0,0,0,0,0,0,0,0,0,0,1,0,0,1,1,0,3.0,台北市文山區景華街,6500,1,新雅房出租近世新，台大，只租男生,24.995427135392,121.546321015786,5,新雅房出租近世新 台大 只租男生,"['新雅', '房出租', '近世', '新', ' ', '台大', ' ', '只租', '男生']",0,0
0,0,0,0,0,0,0,0,1,1,0,0,0,1,0,0,0,1,0,7.0,台北市文山區木柵路一段58巷,13000,2,獨棟套房環境優雅,24.98641428344,121.547584217263,0,獨棟套房環境優雅,"['獨棟', '套房', '環境', '優雅']",0,0
1,0,0,0,0,0,0,0,1,1,0,0,0,0,0,0,0,1,0,18.5,台北市文山區木柵路四段33巷,17600,2,🎮直播/電競/工作室型大空間出租｜1+1房格局｜,24.994484710536,121.571017415202,1,直播 電競 工作室型大空間出租 1 1房格局,"['直播', ' ', '電競', ' ', '工作室', '型', '大空間', '出租', ' ', '1', ' ', '1', '房', '格局']",0,0
0,0,0,0,0,0,0,0,1,0,0,0,0,0,0,0,0,1,0,6.0,台北市文山區木柵路二段109巷,11000,3,文山區✨全新裝潢✨租屋補助✨多間可看✨獨立洗衣機,24.988936768057,121.561697847025,8,文山區 全新裝潢 租屋補助 多間可看 獨立洗衣機,"['文山', '區', ' ', '全新', '裝潢', ' ', '租屋', '補助', ' ', '多間', '可', '看', ' ', '獨立', '洗衣', '機']",1,0
1,0,0,0,0,0,0,0,1,0,0,0,0,0,1,0,1,1,0,3.0,台北市文山區和興路,7800,1,✨近考試院.面河堤景觀屋.✨雅房.✨有廚房.客餐廳.可租補,24.98502852685,121.547985403669,0,近考試院 面河堤景觀屋 雅房 有廚房 客餐廳 可租補,"['近考', '試院', ' ', '面', '河堤', '景觀', '屋', ' ', '雅房', ' ', '有', '廚房', ' ', '客餐', '廳', ' ', '可租補']",1,0
1,0,0,0,0,0,0,0,0,0,0,0,0,1,0,0,0,1,0,5.0,台北市文山區興隆路三段,6000,1,中科大/近中國科技大學/萬芳捷運/宿舍分租水電全含,24.995135557669,121.559747711824,10,中科大 近中國科技大學 萬芳捷運 宿舍分租水電全含,"['中科大', ' ', '近中國', '科技', '大學', ' ', '萬芳', '捷運', ' ', '宿舍', '分租', '水電', '全含']",0,0
1,0,0,0,0,0,0,0,0,0,0,0,1,1,0,0,0,1,0,15.0,台北市文山區政大二街,17000,3,政大附近有陽台整層獨立套房2F,24.987889143586,121.584011546827,9,政大附近有陽台整層獨立套房2F,"['政', '大', '附近', '有陽台', '整層', '獨立', '套房', '2F']",0,1
1,0,0,0,0,0,0,0,1,0,0,0,0,1,0,0,1,1,0,4.0,台北市文山區羅斯福路六段276巷,12300,1,可申請租補&景美捷運站★近世新大學一樓共生雅房,24.994687087245,121.541310161932,5,可申請租補 景美捷運站 近世新大學一樓共生雅房,"['可申', '請', '租補', ' ', '景美', '捷運站', ' ', '近世', '新大學', '一樓', '共生', '雅房']",1,0
1,0,0,0,0,0,0,0,1,1,0,0,0,0,0,0,0,1,0,4.5,台北市文山區溪口街36巷1弄,7999,1,景美捷運，5分鐘景美夜市，靜巷大雅房(可租補),24.995398636534,121.539879269635,11,景美捷運 5分鐘景美夜市 靜巷大雅房 可租補,"['景美', '捷運', ' ', '5', '分鐘', '景美', '夜市', ' ', '靜巷', '大雅', '房', ' ', '可租補']",1,0
1,0,0,0,0,0,0,0,0,0,0,0,0,0,0,1,1,1,0,8.0,台北市文山區景福街16號,14000,3,萬隆捷運套房交通便利,24.999506755266,121.539121969388,11,萬隆捷運套房交通便利,"['萬隆', '捷運', '套房', '交通', '便利']",0,0
0,0,0,0,0,0,0,0,0,0,0,0,0,0,0,0,0,1,0,7.0,台北市文山區試院路154巷1弄,6000,1,世新大學旁一樓雅房-租金半年收SY-B6,24.990361027078,121.546413388636,18,世新大學旁一樓雅房 租金半年收SY B6,"['世新大學', '旁', '一樓', '雅房', ' ', '租金', '半年', '收', 'SY', ' ', 'B6']",0,0
1,0,0,0,0,0,0,0,0,0,0,0,0,0,1,0,0,1,0,7.0,台北市文山區興隆路四段145巷12弄,13800,3,明道國小/限女，租屋補助，獨立洗衣機，免爬高！,24.985054091078,121.562455008534,8,明道國小 限女 租屋補助 獨立洗衣機 免爬高,"['明道', '國小', ' ', '限女', ' ', '租屋', '補助', ' ', '獨立', '洗衣', '機', ' ', '免', '爬高']",1,0
0,0,0,0,0,0,0,0,0,1,0,0,0,1,0,0,0,1,0,6.5,台北市文山區興隆路三段185巷9弄,13000,3,萬芳醫院🌈明亮採光，非頂加，單人首選🌈,24.996028852182,121.560123163071,10,萬芳醫院 明亮採光 非頂加 單人首選,"['萬芳', '醫院', ' ', '明亮', '採光', ' ', '非頂加', ' ', '單人', '首選']",0,0
0,0,0,0,0,0,0,0,0,1,0,0,0,1,0,0,0,1,0,8.0,台北市文山區興隆路三段185巷9弄,16000,3,萬芳醫院✨明亮採光✨超值套房✨非頂樓加蓋✨,24.996028852182,121.560123163071,10,萬芳醫院 明亮採光 超值套房 非頂樓加蓋,"['萬芳', '醫院', ' ', '明亮', '採光', ' ', '超值', '套房', ' ', '非頂樓', '加蓋']",0,0
1,0,0,0,0,0,0,0,0,0,0,0,0,0,0,0,0,1,0,6.0,台北市文山區木柵路一段58巷,13000,3,世新大學✨租屋補助✨垃圾代收✨木質套房✨超值物件！,24.98641428344,121.547584217263,0,世新大學 租屋補助 垃圾代收 木質套房 超值物件,"['世新大學', ' ', '租屋', '補助', ' ', '垃圾', '代收', ' ', '木質', '套房', ' ', '超值', '物件']",1,0
1,0,0,0,0,0,0,0,1,0,0,0,0,0,0,1,1,0,0,5.0,台北市文山區羅斯福路五段79巷6號,9000,1,安靜舒適、離學校捷運公車站近、30綫公,25.006062660835,121.539419694589,14,安靜舒適 離學校捷運公車站近 30綫公,"['安靜', '舒適', ' ', '離學', '校捷', '運公車', '站', '近', ' ', '30', '綫', '公']",0,0
1,0,0,0,0,0,0,0,0,0,1,0,0,1,0,0,0,1,0,7.0,台北市文山區興隆路一段102巷,9000,1,萬隆捷運站近台大公館商圈優質機能包水電,25.002735769275,121.541082983117,2,萬隆捷運站近台大公館商圈優質機能包水電,"['萬隆捷', '運站', '近台', '大公', '館', '商圈', '優質', '機能', '包水電']",0,0
1,0,0,0,0,0,0,0,1,1,0,0,0,0,0,0,0,1,0,16.0,台北市文山區景興路153巷,19500,4,1+1房寵物天堂大空間使用2房,24.993755710464,121.54573590706,5,1 1房寵物天堂大空間使用2房,"['1', ' ', '1', '房寵物', '天堂', '大空間', '使用', '2', '房']",0,0
1,0,0,0,0,0,0,0,0,0,0,0,0,0,0,0,0,1,0,3.5,台北市文山區辛亥路五段,6000,2,生活機能便利的女生小套房,24.998159731729,121.553071822137,7,生活機能便利的女生小套房,"['生活', '機能', '便利', '的', '女生', '小', '套房']",0,0
0,0,0,0,0,0,0,0,1,1,0,0,0,1,0,0,0,1,0,7.0,台北市文山區保儀路,10500,3,優質獨立洗衣機陽台套房,24.986155823055,121.567796264477,16,優質獨立洗衣機陽台套房,"['優質', '獨立', '洗衣', '機陽台', '套房']",0,1
0,0,1,1,0,0,0,0,1,0,0,0,0,0,0,0,0,1,0,11.0,台北市文山區興隆路二段,19800,4,🍎管線重拉～近興隆國小頂家2雅房,25.000737057098,121.549415571791,13,管線重拉 近興隆國小頂家2雅房,"['管線', '重拉', ' ', '近興隆', '國小頂家', '2', '雅房']",0,0
